name,last_modified,isVersionOf
World Water Watch,2025-11-24,https://ror.org/00003g016
Global Unichip (Taiwan),2025-11-24,https://ror.org/00005jn19
Hamburgische Investitions- und Förderbank,2025-11-24,https://ror.org/00012xz55
Surya Hospitals,2025-11-24,https://ror.org/00032t641
Telkom University,2025-11-24,https://ror.org/0004wsx81
University of Fiji,2025-11-24,https://ror.org/0008bt423
Knowles (United States),2025-11-24,https://ror.org/000hew328
Muscular Dystrophy Canada,2025-11-24,https://ror.org/000hkd473
All India Institute of Medical Sciences Guwahati,2025-11-24,https://ror.org/000kxhc93
AVEO Oncology (United States),2025-11-24,https://ror.org/000mrza07
University of Tennessee Health Science Center,2025-11-24,https://ror.org/0011qv509
Universitas Muhammadiyah Luwuk Banggai,2025-11-24,https://ror.org/001gw2c60
Institute for Interdisciplinary Studies of Austrian Universities,2025-11-24,https://ror.org/001zf8v27
Nigerian Meteorological Agency,2025-11-24,https://ror.org/001zq7k15
Center of Plant Systems Biology and Biotechnology,2025-11-24,https://ror.org/0020pnp42
Tecnomix (Spain),2025-11-24,https://ror.org/0027te316
Calar Alto Observatory,2025-11-24,https://ror.org/0028etb62
Avila University,2025-11-24,https://ror.org/002f2sy95
Instituto Agronômico de Pernambuco,2025-11-24,https://ror.org/002gr9f09
Institute for Employment Studies,2025-11-24,https://ror.org/002gsek34
Centre Hospitalier de Douai,2025-11-24,https://ror.org/002jdvv38
National University of Architecture and Construction of Armenia,2025-11-24,https://ror.org/002s77n28
"Jawaharlal Nehru Technological University, Hyderabad",2025-11-24,https://ror.org/002tchr49
Laboklin (Germany),2025-11-24,https://ror.org/002td9r73
Agios Pharmaceuticals (United States),2025-11-24,https://ror.org/002x06r10
Koshien University,2025-11-24,https://ror.org/00337p258
Louisiana Cancer Research Consortium,2025-11-24,https://ror.org/0034k2773
Junshin Gakuen University,2025-11-24,https://ror.org/0036wzx44
Data Science Research Center,2025-11-24,https://ror.org/003bxzv61
Bernstein Center for Computational Neuroscience Göttingen,2025-11-24,https://ror.org/003g6b432
Papieski Wydział Teologiczny we Wrocławiu,2025-11-24,https://ror.org/003jq9j58
University of Valley Forge,2025-11-24,https://ror.org/003js3p07
Institut de Recherche et de Documentation en Économie de la Santé,2025-11-24,https://ror.org/003k26w86
Shenkar College of Engineering and Design,2025-11-24,https://ror.org/003s3dn82
"Future House, Inc.",2025-11-24,https://ror.org/0044ybt68
Braude College of Engineering Karmiel,2025-11-24,https://ror.org/004af2v94
National Horticultural Research Institute,2025-11-24,https://ror.org/004bh1g50
Sociedad Quimica y Minera de Chile S.A. (Chile),2025-11-24,https://ror.org/004s7v560
"Ministry of Science, Research and Technology",2025-11-24,https://ror.org/004v5tb85
Arkana Laboratories,2025-11-24,https://ror.org/0053hg536
Buxoro davlat texnika universiteti,2025-11-24,https://ror.org/005ag3869
"Research and Development Institute for Aquatic Ecology, Fisheries and Aquaculture",2025-11-24,https://ror.org/005dwrj24
CSL Behring (Colombia),2025-11-24,https://ror.org/005rnvh12
SKiN Health,2025-11-24,https://ror.org/005wzfh51
CO2CRC,2025-11-24,https://ror.org/005xs3e07
"Institutul de Filosofie și Psihologie ""Constantin Rădulescu-Motru"" al Academiei Române",2025-11-24,https://ror.org/005zh0d53
University System of New Hampshire,2025-11-24,https://ror.org/0061x0487
Institut für Umwelttechnologien und Strahlenschutz (Germany),2025-11-24,https://ror.org/0065gjh60
Natural History Museum of Bern,2025-11-24,https://ror.org/0066mva78
Government of Alberta,2025-11-24,https://ror.org/006b2g567
Centrum Kopernika Badań Interdyscyplinarnych,2025-11-24,https://ror.org/006be7t88
Inorca Seating (Colombia),2025-11-24,https://ror.org/006cnep94
Five Colleges,2025-11-24,https://ror.org/006e48x19
Cemka-Eval (France),2025-11-24,https://ror.org/006fc7318
United Nations,2025-11-24,https://ror.org/006kxhp52
Istituto di Sociologia Internazionale di Gorizia,2025-11-24,https://ror.org/006m5mj32
Koninklijke Nederlandse Maatschappij voor Diergeneeskunde,2025-11-24,https://ror.org/006rga838
Institutul Regional de Oncologie,2025-11-24,https://ror.org/006w57p51
Walbrook Institute London,2025-11-24,https://ror.org/006wv0v54
Associazione Italiana Sclerosi Multipla,2025-11-24,https://ror.org/006z1y950
Miyagi Children's Hospital,2025-11-24,https://ror.org/007e71662
Maulana Abul Kalam Azad Institute of Asian Studies,2025-11-24,https://ror.org/007j02p07
Brest State Technical University,2025-11-24,https://ror.org/007rxxd52
Land Nordrhein-Westfalen,2025-11-24,https://ror.org/007s7nj58
Isaac Newton Institute for Mathematical Sciences,2025-11-24,https://ror.org/007vkej58
The Centre for Health (New Zealand),2025-11-24,https://ror.org/00805ky43
Xavier University of Louisiana,2025-11-24,https://ror.org/0085d9t86
Higher School of Saharan Agriculture - El Oued,2025-11-24,https://ror.org/0085r3413
International Neuroscience Institute,2025-11-24,https://ror.org/0086b8v72
Forschungsinstitut für Edelmetalle und Metallchemie,2025-11-24,https://ror.org/0086w0z14
Identity,2025-11-24,https://ror.org/008869j48
Sekolah TInggi Ilmu Ekonomi YPUP Makassar,2025-11-24,https://ror.org/008jrea29
Chinese Preventive Medicine Association,2025-11-24,https://ror.org/008p7xh83
Alternative Research Initiative,2025-11-24,https://ror.org/008ry7r11
Metso (Finland),2025-11-24,https://ror.org/008s23110
Gujarat Cancer Society,2025-11-24,https://ror.org/008t1c044
Ospedale di Sanremo,2025-11-24,https://ror.org/008tcyj69
Google DeepMind (United Kingdom),2025-11-24,https://ror.org/00971b260
Universities Research Association,2025-11-24,https://ror.org/009djdq91
King Abdullah International Medical Research Center,2025-11-24,https://ror.org/009p8zv69
Technology Applications (United States),2025-11-24,https://ror.org/009r6as98
Urology of Virginia,2025-11-24,https://ror.org/009w2dq98
Clinique Saint Pierre,2025-11-24,https://ror.org/009w8mm15
Martina Hansens Hospital,2025-11-24,https://ror.org/00a2gj556
Zhejiang University,2025-11-24,https://ror.org/00a2xv884
Metso (Chile),2025-11-24,https://ror.org/00a8ds888
All-Union Scientific Research Institute of Plant Quarantine,2025-11-24,https://ror.org/00a9n4r38
Turkish Academy of Sciences,2025-11-24,https://ror.org/00aqt9352
Milwaukee Public Museum,2025-11-24,https://ror.org/00aqz1698
"The Graduate Center, CUNY",2025-11-24,https://ror.org/00awd9g61
"Spitalul Clinic Judeţean de Urgenţă ""Pius Brînzeu"" Timişoara",2025-11-24,https://ror.org/00aywxq66
Age Labs AS (Norway),2025-11-24,https://ror.org/00b63k339
Bellevue University,2025-11-24,https://ror.org/00b7ckn36
Amazon (Germany),2025-11-24,https://ror.org/00b9ktm87
American Academy of Dermatology,2025-11-24,https://ror.org/00bbqy387
North Sydney Orthopaedic and Sports Medicine Centre,2025-11-24,https://ror.org/00bnaq407
Syreon Research Institute (Hungary),2025-11-24,https://ror.org/00bsxeq86
Sands,2025-11-24,https://ror.org/00bw3sa48
University of Applied Sciences Wedel,2025-11-24,https://ror.org/00bwfj843
Australian National Botanic Gardens,2025-11-24,https://ror.org/00bx52076
University of Dubuque,2025-11-24,https://ror.org/00bz3ax41
MEDICA Research Investigation,2025-11-24,https://ror.org/00c0xnc19
Rockwool Foundation,2025-11-24,https://ror.org/00c1h4g48
Ontario Genomics,2025-11-24,https://ror.org/00c68jz96
National University of Northwestern Buenos Aires,2025-11-24,https://ror.org/00c8e6e47
Center For Children With Special Needs,2025-11-24,https://ror.org/00cqrch10
Universidade Federal de Jataí,2025-11-24,https://ror.org/00cs91c30
Hinge Health,2025-11-24,https://ror.org/00cztjn15
Roztocze National Park,2025-11-24,https://ror.org/00d43qx15
Fundación Biodiversidad,2025-11-24,https://ror.org/00d7z6755
Tecnológico Nacional de México,2025-11-24,https://ror.org/00davry38
Kherson State Maritime Academy,2025-11-24,https://ror.org/00dfbfw84
Texas Medical Center,2025-11-24,https://ror.org/00dqsbj20
BC Research (Canada),2025-11-24,https://ror.org/00dr4nw61
Office Of Health Economics,2025-11-24,https://ror.org/00dtqsj35
Institut für Nanophotonik,2025-11-24,https://ror.org/00ecchs44
Oman Medical College,2025-11-24,https://ror.org/00eckk830
Universidade Federal de Campina Grande,2025-11-24,https://ror.org/00eftnx64
National Audit Office,2025-11-24,https://ror.org/00erg1394
Alzheimer Scotland,2025-11-24,https://ror.org/00ev71s96
Universidad Iberoamericana León,2025-11-24,https://ror.org/00f1wmk62
Los Angeles County Museum of Art,2025-11-24,https://ror.org/00f60z765
Tribunal de Justiça de Pernambuco,2025-11-24,https://ror.org/00f7n4397
PIC Latinoamérica (Chile),2025-11-24,https://ror.org/00fas7593
Southeast Asian Fisheries Development Center,2025-11-24,https://ror.org/00ffgq494
Earth Resources Technology (United States),2025-11-24,https://ror.org/00fhn5p96
Wilton Park,2025-11-24,https://ror.org/00fk7s812
Bundesministerium des Innern,2025-11-24,https://ror.org/00fpwd955
Ocean Risk and Resilience Action Alliance,2025-11-24,https://ror.org/00g1aet23
Institut National de la Recherche Agronomique d'Algérie,2025-11-24,https://ror.org/00g218c19
Columbia Theological Seminary,2025-11-24,https://ror.org/00g5hfp88
Université Bourgogne Europe,2025-11-24,https://ror.org/00g700j37
Kirinyaga University,2025-11-24,https://ror.org/00geck193
Western Reserve Hospital,2025-11-24,https://ror.org/00ges3302
Controles Empresariales (Colombia),2025-11-24,https://ror.org/00gjz3j74
National Institute of Cardiovascular Diseases,2025-11-24,https://ror.org/00gktjq65
Técnicas y Servicios de Ingeniería (Spain),2025-11-24,https://ror.org/00gwcs664
Lagos State Ministry of Health,2025-11-24,https://ror.org/00h3ybn86
Institute of Metrology of Bosnia and Herzegovina,2025-11-24,https://ror.org/00h90tt32
Centre Hospitalier de Saint-Quentin,2025-11-24,https://ror.org/00h9jb865
Sakhalin State University,2025-11-24,https://ror.org/00hay9j83
Manchester University NHS Foundation Trust,2025-11-24,https://ror.org/00he80998
Institute of Evolution,2025-11-24,https://ror.org/00heh5r55
Lebanese American University,2025-11-24,https://ror.org/00hqkan37
Zettawatt-Equivalent Ultrashort pulse laser System,2025-11-24,https://ror.org/00hv7q333
Ratio,2025-11-24,https://ror.org/00j5mtz35
Guangdong Federation of Social Sciences,2025-11-24,https://ror.org/00j6adv59
National Academy of Sciences of Ukraine,2025-11-24,https://ror.org/00je4t102
University of Michigan,2025-11-24,https://ror.org/00jmfr291
Institute for Studies and Power Engineering (Romania),2025-11-24,https://ror.org/00jmv3y79
Munich Business School,2025-11-24,https://ror.org/00jw3g525
Institut Català de Nanociència i Nanotecnologia,2025-11-24,https://ror.org/00k1qja49
European Commission,2025-11-24,https://ror.org/00k4n6c32
Institut d'Estudis Espacials de Catalunya,2025-11-24,https://ror.org/00k6njn28
Unidade Local de Saúde de São José,2025-11-24,https://ror.org/00k6r3f30
Hefei Cement Research Design Institute,2025-11-24,https://ror.org/00kaycc68
Kazakh National Women's Teacher Training University,2025-11-24,https://ror.org/00kc94n51
French Corrosion Institute,2025-11-24,https://ror.org/00kcehz97
Sonoma Technology (United States),2025-11-24,https://ror.org/00khy9f46
"Ecologie, Société, Evolution",2025-11-24,https://ror.org/00kk89y84
AccessLex Institute,2025-11-24,https://ror.org/00kpeqx67
Al-Idrisi University College,2025-11-24,https://ror.org/00kr9ba60
GZA Ziekenhuizen Campus Sint-Augustinus,2025-11-24,https://ror.org/00kss4e25
Health and Family Planning Commission of Sichuan Province,2025-11-24,https://ror.org/00kx6j950
Federal Polytechnic Oko,2025-11-24,https://ror.org/00m1bsz76
Dehong Vocational College,2025-11-24,https://ror.org/00m7h8m26
Carbon to Sea Initiative,2025-11-24,https://ror.org/00m8m2q64
Queensland Eye Institute,2025-11-24,https://ror.org/00m96vp86
European Association of Urology,2025-11-24,https://ror.org/00m9mc973
Institute of Forensic Sciences,2025-11-24,https://ror.org/00mnsjn75
Centre François Baclesse,2025-11-24,https://ror.org/00mrq0n58
Wojewódzki Szpital Specjalistyczny we Wrocławiu,2025-11-24,https://ror.org/00n1h4322
United States Holocaust Memorial Museum,2025-11-24,https://ror.org/00n1s6s20
Magistrat der Stadt Wien,2025-11-24,https://ror.org/00n2qrv22
Lisbon School of Design,2025-11-24,https://ror.org/00n4c8134
Environmental Institute,2025-11-24,https://ror.org/00n893e13
Corpesca (Chile),2025-11-24,https://ror.org/00nf0v751
Google (United States),2025-11-24,https://ror.org/00njsd438
Ingush State University,2025-11-24,https://ror.org/00nk9hm21
Laboratório Bacchi,2025-11-24,https://ror.org/00nsej663
Khyber Medical University,2025-11-24,https://ror.org/00nv6q035
Cincinnati Health Department,2025-11-24,https://ror.org/00nxqj779
Centre Hospitalier de Béziers,2025-11-24,https://ror.org/00p7wry37
St. Augustine University of Tanzania,2025-11-24,https://ror.org/00p8msr48
Eurotransplant,2025-11-24,https://ror.org/00ph3nz62
Autodesk (United States),2025-11-24,https://ror.org/00pkt4594
Cecil College,2025-11-24,https://ror.org/00pkwdr13
Casimir Pulaski Foundation,2025-11-24,https://ror.org/00pqhg146
Synergy Microwave (United States),2025-11-24,https://ror.org/00pqt1c92
Instituto Interamericano de Derechos Humanos,2025-11-24,https://ror.org/00pykpg61
Ortenau Klinikum,2025-11-24,https://ror.org/00pz7qc35
Quzhou College of Technology,2025-11-24,https://ror.org/00q0v3357
Virginia Aquarium & Marine Science Center,2025-11-24,https://ror.org/00q6g3329
Rajkiya Engineering College Kannauj,2025-11-24,https://ror.org/00q846h05
Landeszentrum Gesundheit Nordrhein-Westfalen,2025-11-24,https://ror.org/00qffz908
Alexandria Higher Institute of Engineering and Technology,2025-11-24,https://ror.org/00qm7b611
East Midlands Development Agency,2025-11-24,https://ror.org/00qnxjg67
New England Aquarium,2025-11-24,https://ror.org/00qr60202
EA Technology,2025-11-24,https://ror.org/00qwj7906
Egis Pharmaceuticals (Hungary),2025-11-24,https://ror.org/00qzn0672
Hungarian National Museum,2025-11-24,https://ror.org/00r151p09
Office of the Assistant Secretary for Health,2025-11-24,https://ror.org/00r348449
"Science Solutions International Laboratory, Inc. (Japan)",2025-11-24,https://ror.org/00r9cjb36
National University of Science and Technology,2025-11-24,https://ror.org/00rb2rb24
Cerebral Palsy Alliance,2025-11-24,https://ror.org/00retz024
Centre de Recherche Médicales de Lambaréné,2025-11-24,https://ror.org/00rg88503
"Mardan Medical Complex, Mardan",2025-11-24,https://ror.org/00rq9ec10
Fort Hays State University,2025-11-24,https://ror.org/00rwzgx62
Telekom Malaysia Berhad (Malaysia),2025-11-24,https://ror.org/00s3fdw25
Institut catholique de toulouse,2025-11-24,https://ror.org/00s4cve39
Addiction and Mental Health Services - MSH,2025-11-24,https://ror.org/00s894y88
American Urological Association,2025-11-24,https://ror.org/00sbaqa70
KeJingBio,2025-11-24,https://ror.org/00sf10j48
Concurrent Technologies Corporation,2025-11-24,https://ror.org/00sgv1989
Jami University,2025-11-24,https://ror.org/00sk5b360
EURECOM,2025-11-24,https://ror.org/00sse7z02
Samara State Agrarian University,2025-11-24,https://ror.org/00stqsy74
Centro Oncológico de Galicia,2025-11-24,https://ror.org/00swmft88
Kaplan Medical Center,2025-11-24,https://ror.org/00t0n9020
Crown Research Institutes,2025-11-24,https://ror.org/00t28mr39
Institute for Development and Research in Banking Technology,2025-11-24,https://ror.org/00ta0g865
Russian Federal Centre of Forensic Science of the Ministry of Justice of the Russian Federation,2025-11-24,https://ror.org/00tbjqq75
State Oil Company of Azerbaijan Republic (Azerbaijan),2025-11-24,https://ror.org/00tcejj11
Polaris (United States),2025-11-24,https://ror.org/00tct5242
Open Knowledge (United Kingdom),2025-11-24,https://ror.org/00thqng93
Department of Science and Technology of Guangdong Province,2025-11-24,https://ror.org/00tjzgn92
Sanjay Ghodawat University,2025-11-24,https://ror.org/00tk46k54
Leyden Academy on Vitality and Ageing,2025-11-24,https://ror.org/00txvrc11
Maikop State Technological University,2025-11-24,https://ror.org/00tzc5v60
University of North Texas,2025-11-24,https://ror.org/00v97ad02
Văn Hiến University,2025-11-24,https://ror.org/00vbzs544
Universitas Mahendradatta,2025-11-24,https://ror.org/00vcqer65
Potato Research Institute,2025-11-24,https://ror.org/00vcrhv91
Galen University,2025-11-24,https://ror.org/00vnste75
Breakthrough T1D,2025-11-24,https://ror.org/00vqxjy61
"Katholisches Klinikum Lünen/Werne , St.-Marien-Hospital Lünen",2025-11-24,https://ror.org/00vr94b03
St. Petersburg College,2025-11-24,https://ror.org/00vrgpy91
Univerzitetni Rehabilitacijski Inštitut,2025-11-24,https://ror.org/00vsmb158
Kariya Toyota General Hospital,2025-11-24,https://ror.org/00vzw9736
ACTRIS Italia,2025-11-24,https://ror.org/00w0fba55
Istituto S.Anna Crotone,2025-11-24,https://ror.org/00w109h91
Ministry of Public Health,2025-11-24,https://ror.org/00wjy0847
Cephas Health Research Initiative,2025-11-24,https://ror.org/00wrsjp90
Klinikum Mittelbaden,2025-11-24,https://ror.org/00wxjqb77
LETO Maternity Hospital,2025-11-24,https://ror.org/00wy6bt78
Basavatarakam Indo American Cancer Hospital and Research Institute,2025-11-24,https://ror.org/00x20bn20
"Nalux Co., Ltd. (Japan)",2025-11-24,https://ror.org/00x38nf67
Central Asian University,2025-11-24,https://ror.org/00x6wnm78
Weston Solutions (United States),2025-11-24,https://ror.org/00xectf18
Chengdu Science and Technology Bureau,2025-11-24,https://ror.org/00xfea068
Ave Maria University,2025-11-24,https://ror.org/00xwqff48
Sarajevo School of Science and Technology,2025-11-24,https://ror.org/00xx8vr92
Center for Strategic Research,2025-11-24,https://ror.org/00xzb4g06
Universitas Bung Karno,2025-11-24,https://ror.org/00y0cnq88
Academia Aragonesa de la Lengua,2025-11-24,https://ror.org/00y0vtx70
Alberta Innovates,2025-11-24,https://ror.org/00ynafe15
Witten/Herdecke University,2025-11-24,https://ror.org/00yq55g44
Universidad Tecnológica de La Laguna Durango,2025-11-24,https://ror.org/00yxvjx76
Norsk Teknisk Museum,2025-11-24,https://ror.org/00zave958
AKFA Medline University Hospital,2025-11-24,https://ror.org/00zgv2r34
National Association for the Self-Employed,2025-11-24,https://ror.org/00zn8rh30
Fondazione Italiana Fegato,2025-11-24,https://ror.org/00zpwa373
Rode Kruis-Vlaanderen,2025-11-24,https://ror.org/00zqa9n78
Latrobe Regional Hospital,2025-11-24,https://ror.org/00ztyx381
Brain Tech Laboratory,2025-11-24,https://ror.org/01027m165
GGZ Drenthe,2025-11-24,https://ror.org/0107rkg57
Dyson Institute of Engineering and Technology,2025-11-24,https://ror.org/010aat311
Museu Paraense Emílio Goeldi,2025-11-24,https://ror.org/010gvqg61
Croatian Academic and Research Network,2025-11-24,https://ror.org/010hs8e42
European Molecular Biology Laboratory,2025-11-24,https://ror.org/010jaxs89
South Infirmary Victoria University Hospital,2025-11-24,https://ror.org/010s72f83
Institute of Comparative Law,2025-11-24,https://ror.org/01101ex45
Instituto Universitario de Ciencias Biomédicas de Córdoba,2025-11-24,https://ror.org/0110wcq52
Escola Universitária Vasco da Gama,2025-11-24,https://ror.org/01114f477
Canadian Institute for Health Information,2025-11-24,https://ror.org/0112eam10
Mengo Hospital,2025-11-24,https://ror.org/01132my48
Fundación Española de la Nutrición,2025-11-24,https://ror.org/011803230
Deutsche Gesellschaft für Allgemeine und Vergleichende Literaturwissenschaft,2025-11-24,https://ror.org/0119jd094
Iranian Academy of Medical Sciences,2025-11-24,https://ror.org/011jgwj89
National Institute of Pharmaceutical Education and Research,2025-11-24,https://ror.org/011npsm46
Southwestern Law School,2025-11-24,https://ror.org/011wpwt21
Institut für Sozialwissenschaftliche Forschung,2025-11-24,https://ror.org/0120amd78
Evangelisches Krankenhaus Kalk,2025-11-24,https://ror.org/0124s1j61
Cluster University Srinagar,2025-11-24,https://ror.org/0127tex41
Panama Canal Authority,2025-11-24,https://ror.org/012a4r663
Universidad de Zaragoza,2025-11-24,https://ror.org/012a91z28
Centre For Sustainable Urban Development,2025-11-24,https://ror.org/012ane130
Software Policy and Research Institute,2025-11-24,https://ror.org/012bgdr48
Tokai Rika (Japan),2025-11-24,https://ror.org/012gxwa15
Universitätsklinikum Tulln,2025-11-24,https://ror.org/012j4s611
Department of Higher Education and Training,2025-11-24,https://ror.org/012jp3q29
University of Groningen,2025-11-24,https://ror.org/012p63287
Sergipe Technological Park,2025-11-24,https://ror.org/0131ca207
Sekolah Tinggi Ilmu Tarbiyah Nusantara Bekasi,2025-11-24,https://ror.org/0132a5580
Dead Sea and Arava Science Center,2025-11-24,https://ror.org/0133h2564
The Gordon Life Science Institute,2025-11-24,https://ror.org/0135ffj82
Health Commission of Fujian Province,2025-11-24,https://ror.org/0136mc929
Université Paris Nanterre,2025-11-24,https://ror.org/013bkhk48
Arthur B. McDonald-Canadian Astroparticle Physics Research Institute,2025-11-24,https://ror.org/013q1e562
Pacific International Center for High Technology Research,2025-11-24,https://ror.org/01419bf49
European Molecular Biology Network (EMBnet),2025-11-24,https://ror.org/014224111
Nova Institute,2025-11-24,https://ror.org/0148zjm56
Fonds de Dotation Clinatec,2025-11-24,https://ror.org/014cxe167
Yelets State University named after Ivan Bunin,2025-11-24,https://ror.org/014f6m860
Wine Australia,2025-11-24,https://ror.org/014gyb994
Universidad Privada de Tacna,2025-11-24,https://ror.org/014pqsx51
Gradient (United States),2025-11-24,https://ror.org/014qf4206
Finland University,2025-11-24,https://ror.org/014rks409
Russian Scientific Research Institute of Traumatology and Orthopedics named after R.R. Vreden,2025-11-24,https://ror.org/014rxe718
Dutch Institute for Clinical Auditing,2025-11-24,https://ror.org/014stvx20
Genesis Laboratories,2025-11-24,https://ror.org/014vawd53
Hackensack Meridian School of Medicine,2025-11-24,https://ror.org/014xxfg68
Agricultural Bank of China,2025-11-24,https://ror.org/015g9sa94
Somogy Megyei Kaposi Mór Oktató Kórház,2025-11-24,https://ror.org/015mptv94
Academia Romana Filiala Cluj-Napoca,2025-11-24,https://ror.org/015rsn094
Genetikum,2025-11-24,https://ror.org/015thzh02
Nordic Institute of Dental Materials,2025-11-24,https://ror.org/015xbps36
Entwicklungszentrum für Schiffstechnik und Transportsysteme,2025-11-24,https://ror.org/0163bsq78
Ruralis - Institute for Rural and Regional Research,2025-11-24,https://ror.org/0169gd037
Institute of Economics Zagreb,2025-11-24,https://ror.org/016a9kk10
Optimo (Chile),2025-11-24,https://ror.org/016b3st51
Metro South Health,2025-11-24,https://ror.org/016gd3115
Centro Tecnológico de Automoción de Galicia,2025-11-24,https://ror.org/016k9d838
Centro Universitário FIEO,2025-11-24,https://ror.org/016kak391
National Confidential Enquiry into Patient Outcome and Death,2025-11-24,https://ror.org/016knsn07
"National Institute for Research and Development in Forestry ""Marin Drăcea""",2025-11-24,https://ror.org/016mz1226
National Root Crops Research Institute,2025-11-24,https://ror.org/016nn4m97
Innovent,2025-11-24,https://ror.org/016tmz810
University of Design Schwäbisch Gmünd,2025-11-24,https://ror.org/016zq4f37
Saint-Petersburg State Agrarian University,2025-11-24,https://ror.org/01725xw94
Medical Laboratory Science Council of Nigeria,2025-11-24,https://ror.org/0174y3381
Blacktown & Mount Druitt Hospital,2025-11-24,https://ror.org/017bddy38
Ruby Hall Clinic,2025-11-24,https://ror.org/017bedv79
Shenzhen Science and Technology Innovation Commission,2025-11-24,https://ror.org/017n8df75
Universidad del Centro de Estudios Macroeconómicos de Argentina,2025-11-24,https://ror.org/017p13n71
Rajiv Gandhi University,2025-11-24,https://ror.org/017wgkd42
LIRA - Laboratoire d'instrumentation et de recherche en astrophysique,2025-11-24,https://ror.org/017zz7s54
Menlo College,2025-11-24,https://ror.org/0182em051
Benchmark Research (United States),2025-11-24,https://ror.org/0185yec04
Swiss National Museum,2025-11-24,https://ror.org/0187t3494
İstanbul Gelişim Üniversitesi,2025-11-24,https://ror.org/0188hvh39
Corona College of Education,2025-11-24,https://ror.org/018mb0616
CMPC (United States),2025-11-24,https://ror.org/018v9ga43
National Research Council of Thailand,2025-11-24,https://ror.org/018wfhg78
Institut Teknologi Telkom Purwokerto,2025-11-24,https://ror.org/018zc6p18
"St. Philomena's College, Mysuru",2025-11-24,https://ror.org/0199hy323
Algebra University College,2025-11-24,https://ror.org/019m6wk21
Kraftanlagen (Germany),2025-11-24,https://ror.org/019tkx431
State Scientific and Technical Library of Ukraine,2025-11-24,https://ror.org/019tz0c71
Siberian State University of Telecommunications and Information Science,2025-11-24,https://ror.org/019vbp610
European Organisation for Rare Diseases,2025-11-24,https://ror.org/019w4mg02
Sheffield Hallam University,2025-11-24,https://ror.org/019wt1929
"Department for Business, Energy and Industrial Strategy",2025-11-24,https://ror.org/019ya6433
Central Research and Design Institute,2025-11-24,https://ror.org/01a4ygj92
Centre International De Reference Chantal Biya,2025-11-24,https://ror.org/01a84bt29
"Don Bosco College, Itanagar",2025-11-24,https://ror.org/01a8ma036
Woolworths Group (Australia),2025-11-24,https://ror.org/01aetvt06
Zurich Heart House,2025-11-24,https://ror.org/01agg0039
Krankenhaus St. Elisabeth und St. Barbara,2025-11-24,https://ror.org/01ah9ym33
"University of California, Berkeley",2025-11-24,https://ror.org/01an7q238
Global Development Network,2025-11-24,https://ror.org/01arh7995
Malankara Orthodox Syrian Church Medical College Hospital,2025-11-24,https://ror.org/01asgtt85
Institute of the Ukrainian Language of the National Academy of Sciences of Ukraine,2025-11-24,https://ror.org/01ayw7119
Telkom Institute of Management,2025-11-24,https://ror.org/01b15w051
Academy of Fine Arts in Katowice,2025-11-24,https://ror.org/01b33j376
Department of Science and Technology of Shandong Province,2025-11-24,https://ror.org/01b9fvd84
Kyushu University of Health and Welfare,2025-11-24,https://ror.org/01banz567
Nutrition 21 (United States),2025-11-24,https://ror.org/01be0e870
Department for International Trade,2025-11-24,https://ror.org/01bgmsb44
Tele & Radio Research Institute,2025-11-24,https://ror.org/01bkj6835
Nederlandse Vereniging voor Kindergeneeskunde,2025-11-24,https://ror.org/01bsyz889
Artemis (United States),2025-11-24,https://ror.org/01bv0ma93
"Institut Supérieur d’Informatique, de Modélisation et de leurs Applications",2025-11-24,https://ror.org/01bv2n867
Small and Medium Business Administration,2025-11-24,https://ror.org/01bxvfc84
Fundación Hospital de Jove,2025-11-24,https://ror.org/01byf4846
Clinical Research Services,2025-11-24,https://ror.org/01c127k53
University of Fredericton,2025-11-24,https://ror.org/01c3s4w91
UK Aid Direct,2025-11-24,https://ror.org/01c5g1b56
National Gallery of Denmark,2025-11-24,https://ror.org/01c6fkf84
LMC Diabetes & Endocrinology (Canada),2025-11-24,https://ror.org/01cakqh38
Helen Keller Eye Research Foundation,2025-11-24,https://ror.org/01carsf12
U.S. Army Center of Military History,2025-11-24,https://ror.org/01cfwn742
National Australia Bank,2025-11-24,https://ror.org/01ckbhd80
National Herbarium and Plant Laboratories,2025-11-24,https://ror.org/01ctbye80
National Institutes of Health,2025-11-24,https://ror.org/01cwqze88
Forschungsinstitut der Diabetes Akademie Mergentheim,2025-11-24,https://ror.org/01d14z762
PHV Dialysezentrum,2025-11-24,https://ror.org/01d16dr57
Education Department of Fujian Province,2025-11-24,https://ror.org/01d6wrk87
"Fundação Municipal do Meio Ambiente, Pesquisa, Ciência, Tecnologia, Esporte e Lazer de Arraial do Cabo",2025-11-24,https://ror.org/01d7dww26
Gono University,2025-11-24,https://ror.org/01de7ab51
Gulf University,2025-11-24,https://ror.org/01dfpjy51
Rostov-on-Don Anti-plague Institute Rospotrebnadzor,2025-11-24,https://ror.org/01dhvqg75
Instituto Lauro de Souza Lima,2025-11-24,https://ror.org/01dk36s50
Institutul Geologic al României,2025-11-24,https://ror.org/01dm99568
Cancer Trials Ireland,2025-11-24,https://ror.org/01dpkyq75
LifeArc,2025-11-24,https://ror.org/01dqb0q37
Polish Institute of International Affairs,2025-11-24,https://ror.org/01e0qt032
Croatian National Bank,2025-11-24,https://ror.org/01e154458
Exelixis (United States),2025-11-24,https://ror.org/01e3jga91
Centre Hospitalier De Pau,2025-11-24,https://ror.org/01e6msy72
Dalhousie University,2025-11-24,https://ror.org/01e6qks80
Frontier Science Foundation,2025-11-24,https://ror.org/01e92na05
SAGE University Bhopal,2025-11-24,https://ror.org/01e949s12
Uzbek State University of Physical Culture and Sport,2025-11-24,https://ror.org/01edayx41
Benha National University,2025-11-24,https://ror.org/01eem7e49
4. Wojskowy Szpital Kliniczny z Polikliniką,2025-11-24,https://ror.org/01ek0ym72
American Association of Variable Star Observers,2025-11-24,https://ror.org/01ev8n617
Nigerian Institute for Oceanography and Marine Research,2025-11-24,https://ror.org/01exgks31
Centre hospitalier de Rouffach,2025-11-24,https://ror.org/01extmz43
Primate Conservation,2025-11-24,https://ror.org/01f3z1j62
Overdeck Family Foundation,2025-11-24,https://ror.org/01f6dz702
Biblioteca Leonardiana di Vinci,2025-11-24,https://ror.org/01fkkqt55
Elisava Barcelona School of Design and Engineering,2025-11-24,https://ror.org/01fq24p11
"University of Frontier Technology, Bangladesh",2025-11-24,https://ror.org/01fva0642
Northwestern Agusan Colleges,2025-11-24,https://ror.org/01fxc3526
Kenya School of Government,2025-11-24,https://ror.org/01fztcv40
Adaptive Biotechnologies (United States),2025-11-24,https://ror.org/01gbt6a54
Climate Central,2025-11-24,https://ror.org/01ge84v72
Medical Diagnostic Laboratories (United States),2025-11-24,https://ror.org/01gjnjy30
Ministry of Justice and Public Security,2025-11-24,https://ror.org/01gpaz870
Péterfy Sándor Utcai Kórház-Rendelőintézet és Baleseti Központ,2025-11-24,https://ror.org/01gpjfw56
Government of South Africa,2025-11-24,https://ror.org/01gwm7a05
"Philippine Association of Institutions for Research, Inc.",2025-11-24,https://ror.org/01gy51q73
American Society for Gastrointestinal Endoscopy,2025-11-24,https://ror.org/01h9c4672
TuBerculosis Vaccine Initiative,2025-11-24,https://ror.org/01hb96w20
MacroGenics (United States),2025-11-24,https://ror.org/01hcd4187
Champlain College,2025-11-24,https://ror.org/01hx6v225
Far Eastern State Agrarian University,2025-11-24,https://ror.org/01hxc5h53
Korean Academy of Science and Technology,2025-11-24,https://ror.org/01j49yd81
Fundación Instituto de Inmunología de Colombia,2025-11-24,https://ror.org/01j543957
Zdravstveni dom dr. Adolfa Drolca Maribor,2025-11-24,https://ror.org/01j9yjt02
Mediterranean Center for Environmental Studies,2025-11-24,https://ror.org/01jpkw634
Moravian Museum,2025-11-24,https://ror.org/01jptvt03
HUN-REN Institute of Experimental Medicine,2025-11-24,https://ror.org/01jsgmp44
Eötvös Loránd University,2025-11-24,https://ror.org/01jsq2704
Altai State Agricultural University,2025-11-24,https://ror.org/01jsr8a33
Hospital Privado de Comunidad,2025-11-24,https://ror.org/01jxef645
Sarcoma Oncology Center,2025-11-24,https://ror.org/01k15w004
Jissen Women's University,2025-11-24,https://ror.org/01k9bj230
Northwest Regional Development Agency,2025-11-24,https://ror.org/01ka4j351
All-Russian Research Institute for Fire Protection,2025-11-24,https://ror.org/01kam1p04
Northampton College,2025-11-24,https://ror.org/01kc9gs57
National Imaging Facility,2025-11-24,https://ror.org/01kdbsa35
Ducks Unlimited,2025-11-24,https://ror.org/01kdv5654
Ministry of Health and Population,2025-11-24,https://ror.org/01kk81m15
Flinders University,2025-11-24,https://ror.org/01kpzv902
Altarum Institute,2025-11-24,https://ror.org/01kq09n77
Sansum Diabetes Research Institute,2025-11-24,https://ror.org/01kq6ye20
Kurashiki Medical Center,2025-11-24,https://ror.org/01kv8e326
Scottish Environment Protection Agency,2025-11-24,https://ror.org/01kxjy285
American Council on Education,2025-11-24,https://ror.org/01m3kj726
Krajská Nemocnice Liberec,2025-11-24,https://ror.org/01mc23556
National Museum of Slovenia,2025-11-24,https://ror.org/01mkt8h07
Respons,2025-11-24,https://ror.org/01msx8j36
Ministry of Education of the People's Republic of China,2025-11-24,https://ror.org/01mv9t934
SEAMEO Regional Center for Food and Nutrition,2025-11-24,https://ror.org/01mwa8226
CMPC (Chile),2025-11-24,https://ror.org/01mx3rc36
Instituto da Conservação da Natureza e das Florestas,2025-11-24,https://ror.org/01n08tj51
State Library of Württemberg,2025-11-24,https://ror.org/01n6mms53
Télécom Paris,2025-11-24,https://ror.org/01naq7912
Resuscitation Council,2025-11-24,https://ror.org/01nbf4j71
Swedish Institute for Health Economics,2025-11-24,https://ror.org/01nfdxd69
American Institute of Bisexuality,2025-11-24,https://ror.org/01ng0hs47
Pasqual Maragall Foundation,2025-11-24,https://ror.org/01nry9c15
Breach Candy Hospital,2025-11-24,https://ror.org/01nzrqm94
Sankt Gertrauden Krankenhaus,2025-11-24,https://ror.org/01p0ze617
Edison Scientific Inc. (United States),2025-11-24,https://ror.org/01p9amb16
Instituto Português Da Qualidade,2025-11-24,https://ror.org/01pe22k85
Zigurat Global Institute of Technology (Spain),2025-11-24,https://ror.org/01pefzg54
Association of Women's Health Obstetric and Neonatal Nurses,2025-11-24,https://ror.org/01pemhh03
Endometriosis,2025-11-24,https://ror.org/01q5m4507
"Directorate-General for Employment, Social Affairs and Inclusion",2025-11-24,https://ror.org/01qanyf14
University System of Maryland,2025-11-24,https://ror.org/01r0c1p88
Karachi Institute of Radiotherapy and Nuclear Medicine,2025-11-24,https://ror.org/01r3ztp10
Coxa Hospital,2025-11-24,https://ror.org/01r742665
Beijing Federation of Social Science Circles,2025-11-24,https://ror.org/01r9cjg27
Bashkir Scientific Research Institute of Petroleum Refining,2025-11-24,https://ror.org/01r9x4p54
Pacific Institute,2025-11-24,https://ror.org/01rc2ge67
Paul Hastings,2025-11-24,https://ror.org/01rpb1437
Syntek Technologies (United States),2025-11-24,https://ror.org/01rpq5x59
Institute of International Studies,2025-11-24,https://ror.org/01rq3ht76
Instituto de Diagnóstico e Investigaciones Metabólicas,2025-11-24,https://ror.org/01rqa5h24
Västerås Municipality,2025-11-24,https://ror.org/01rrc6194
Victoria University,2025-11-24,https://ror.org/01rrz9s51
Suzano (Brazil),2025-11-24,https://ror.org/01rt6qg79
Center for Practical Bioethics,2025-11-24,https://ror.org/01s2jen95
Schüchtermann-Klinik,2025-11-24,https://ror.org/01s3wfa18
Department for Energy Security and Net Zero,2025-11-24,https://ror.org/01s5a4v70
Nova Institut,2025-11-24,https://ror.org/01s5g3b18
Surrey Satellite Technology (United Kingdom),2025-11-24,https://ror.org/01s5rx042
Horizons Foundation,2025-11-24,https://ror.org/01s6y4r94
Natural History Museum Rotterdam,2025-11-24,https://ror.org/01s8f2180
Institute of Labour and Social Studies,2025-11-24,https://ror.org/01smd1r12
Yayasan Ekosistem Lestari,2025-11-24,https://ror.org/01sng4k83
East Asia School of Theology,2025-11-24,https://ror.org/01spg6m39
Toyama City Hospital,2025-11-24,https://ror.org/01szgg304
Development Research and Projects Centre,2025-11-24,https://ror.org/01t12bz60
St. Bernward Krankenhaus,2025-11-24,https://ror.org/01t4pxk43
University of Greater Manchester,2025-11-24,https://ror.org/01t884y44
"Institutul National pentru Sanatatea Mamei si Copilului ""Alessandrescu-Rusescu""",2025-11-24,https://ror.org/01tc53f14
Pulp and Paper Research Institute,2025-11-24,https://ror.org/01tegtn91
Klinički Centar Crne Gore,2025-11-24,https://ror.org/01teshw58
National University of Singapore,2025-11-24,https://ror.org/01tgyzw49
Universidad Nacional de La Plata,2025-11-24,https://ror.org/01tjs6929
Royal Dental Hospital of Melbourne,2025-11-24,https://ror.org/01tkc7083
Universidad de Congreso,2025-11-24,https://ror.org/01tnfvr41
Larsen & Toubro (India),2025-11-24,https://ror.org/01v4kb744
City Hospital No. 40,2025-11-24,https://ror.org/01vaajc72
Centralny Ośrodek Badawczo Rozwojowy Aparatury Badawczej i Dydaktycznej (Poland),2025-11-24,https://ror.org/01vexk157
Research Institute of Medical Problems of the North,2025-11-24,https://ror.org/01vjps349
Altamedica Artemisia,2025-11-24,https://ror.org/01vkf8q93
Western Sydney Local Health District,2025-11-24,https://ror.org/01vqqp163
Achievers University,2025-11-24,https://ror.org/01vqvef44
Taiwan Foundation for Democracy,2025-11-24,https://ror.org/01vv00d67
Roland Institute of Pharmaceutical Sciences,2025-11-24,https://ror.org/01vva4430
Corvinus University of Budapest,2025-11-24,https://ror.org/01vxfm326
Polytechnic Lavoslav Ružička Vukovar,2025-11-24,https://ror.org/01w4tn863
Universidad Politécnica de Victoria,2025-11-24,https://ror.org/01w7vj569
State Key Laboratory of Explosion Science and Safety Protection,2025-11-24,https://ror.org/01w9z6890
Bangladesh University of Health Sciences,2025-11-24,https://ror.org/01wajxa36
Central Clinical Hospital and Polyclinic,2025-11-24,https://ror.org/01wc8dm69
Centro de Estudios de Física del Cosmos de Aragón,2025-11-24,https://ror.org/01wng0g34
Aurobindo Pharma (India),2025-11-24,https://ror.org/01wzc4m50
Academy of Agricultural and Forestry Sciences,2025-11-24,https://ror.org/01wzqhm27
Annamalai University,2025-11-24,https://ror.org/01x24z140
Consejo Veracruzano de Investigación Científica y Desarrollo Tecnológico,2025-11-24,https://ror.org/01x80kz37
Université Tunis Carthage,2025-11-24,https://ror.org/01xf5pq20
Sociedad Española de Cirugía Ortopédica y Traumatología,2025-11-24,https://ror.org/01xmgrn68
Nuclear Waste Management Organization,2025-11-24,https://ror.org/01xv1wj76
Hassania School of Public Works,2025-11-24,https://ror.org/01ye8vh67
National Law University Jodhpur,2025-11-24,https://ror.org/01ygp7b39
Angkor Hospital for Children,2025-11-24,https://ror.org/01yjqh416
Gates Family Foundation,2025-11-24,https://ror.org/01ykfnp55
General Hospital of Ioannina G. Hatzikosta,2025-11-24,https://ror.org/01yn28w07
Urban Planning & Design Institute of Shenzhen (China),2025-11-24,https://ror.org/01yp7yc97
University of Ulster,2025-11-24,https://ror.org/01yp9g959
European Molecular Biology Laboratory,2025-11-24,https://ror.org/01yr73893
Federal Deposit Insurance Corporation,2025-11-24,https://ror.org/01ytw4e80
Instituto de Tecnologia do Paraná,2025-11-24,https://ror.org/01yv6h358
"Science and Technology Corporation for Naval, Maritime and Riverine Industry Development",2025-11-24,https://ror.org/01z04wv09
GSO/URI Marine Geological Samples Laboratory,2025-11-24,https://ror.org/01z83jn29
Centre for Aging + Brain Health Innovation,2025-11-24,https://ror.org/01zd45k33
European Molecular Biology Laboratory,2025-11-24,https://ror.org/01zjc6908
Stichting Kinderoncologie Nederland,2025-11-24,https://ror.org/01zs6bp63
Yokohama Rubber (Japan),2025-11-24,https://ror.org/01zwphm70
Phenomics Australia,2025-11-24,https://ror.org/0201hm243
Shandong University,2025-11-24,https://ror.org/0207yh398
Technological and Higher Education Institute of Hong Kong,2025-11-24,https://ror.org/0209mnq24
Vaccine Confidence Fund,2025-11-24,https://ror.org/020er8s15
University of Central Lancashire Cyprus,2025-11-24,https://ror.org/020ps3a34
Brinks (Colombia),2025-11-24,https://ror.org/020rkbe43
Karen Hospital,2025-11-24,https://ror.org/020wajj63
The LEGO Foundation,2025-11-24,https://ror.org/020yc1y85
Fullbright Germany,2025-11-24,https://ror.org/020yyjw05
Stiftung Institut für Herzinfarktforschung,2025-11-24,https://ror.org/0213d4b59
Newgate University Minna,2025-11-24,https://ror.org/021hvy449
U.S. National Science Foundation,2025-11-24,https://ror.org/021nxhr62
Russian Foreign Trade Academy,2025-11-24,https://ror.org/021vwwp80
Fundação de Apoio à Pesquisa do Estado da Paraíba,2025-11-24,https://ror.org/021y4b202
Institutul Oncologic Bucuresti,2025-11-24,https://ror.org/021zg3m87
College of Agriculture at Križevci,2025-11-24,https://ror.org/022485d27
I-Form Advanced Manufacturing Research Centre,2025-11-24,https://ror.org/022715v20
Hai Phong University,2025-11-24,https://ror.org/0227kwk61
Boston Collaborative Drug Surveillance Program,2025-11-24,https://ror.org/0228drn10
National Supercomputing Center in Shenzhen,2025-11-24,https://ror.org/02291hh73
Institute of Public Finance,2025-11-24,https://ror.org/0229a6d71
Ministry of SMEs and Startups,2025-11-24,https://ror.org/022c4zk48
Éditions universitaires de Dijon,2025-11-24,https://ror.org/022k0py62
Vaccine Impact Modelling Consortium,2025-11-24,https://ror.org/022rntb95
Bangladesh Bank,2025-11-24,https://ror.org/022xz9e77
"Presbyterian University, Ghana",2025-11-24,https://ror.org/02369cb65
Deutsche Gesellschaft für Hämatologie und Medizinische Onkologie,2025-11-24,https://ror.org/023avht41
Government Homoeopathic Medical College and Hospital Bengaluru,2025-11-24,https://ror.org/023cq2569
Fondation Congolaise Pour La Recherche Médicale,2025-11-24,https://ror.org/023f4f524
01.AI (China),2025-11-24,https://ror.org/023g5ws63
Centro de Referência em Informação Ambiental,2025-11-24,https://ror.org/023vyrd34
General Commission for Scientific Agricultural Research,2025-11-24,https://ror.org/023w7hq91
St.Tikhon's Orthodox University,2025-11-24,https://ror.org/0243h2p98
German Diabetes Center Mergentheim,2025-11-24,https://ror.org/024465936
Adler Planetarium,2025-11-24,https://ror.org/0248gc218
Centro Universitário de Lavras,2025-11-24,https://ror.org/024rsp410
National Research Council - Institute of Methodologies for Environmental Analysis,2025-11-24,https://ror.org/024ye7w89
International Centre for Diffraction Data,2025-11-24,https://ror.org/0259vv330
MetaMind Innovations (Greece),2025-11-24,https://ror.org/025cvfz96
Spectral Energies (United States),2025-11-24,https://ror.org/025e41s54
HUN-REN Veterinary Medical Research Institute,2025-11-24,https://ror.org/025m2a107
Institut Mines-Télécom,2025-11-24,https://ror.org/025vp2923
Lithuanian Social Research Centre,2025-11-24,https://ror.org/025yaka09
Northwest General Hospital and Research Center,2025-11-24,https://ror.org/025z4wz11
Collahuasi (Chile),2025-11-24,https://ror.org/025zzm087
Higher School of Social Studies and Security,2025-11-24,https://ror.org/0263npa52
Water and Land Resource Centre,2025-11-24,https://ror.org/026743317
Gaia Fund,2025-11-24,https://ror.org/02697d919
Sitaram Bhartia Institute of Science and Research,2025-11-24,https://ror.org/026a3nk20
Federal Medical Centre,2025-11-24,https://ror.org/026dr4n55
Agencja Badań Medycznych,2025-11-24,https://ror.org/026nedj88
Dutch Centre for Field Ornithology,2025-11-24,https://ror.org/026x8jh45
Vlokh Institute of Physical Optics,2025-11-24,https://ror.org/02707gg79
Meituan (China),2025-11-24,https://ror.org/0272kpg92
Cámara de Comercio de Santiago,2025-11-24,https://ror.org/027cn8148
North-Caucasian Mining and Metallurgical Institute,2025-11-24,https://ror.org/027frky36
Flu Lab,2025-11-24,https://ror.org/027hgk366
Santa Casa de Misericórdia de Passos,2025-11-24,https://ror.org/027hh4w08
Bird Conservancy of the Rockies,2025-11-24,https://ror.org/027kj5136
Interreg North-West Europe,2025-11-24,https://ror.org/027mm1153
AIDS Prevention Initiative in Nigeria,2025-11-24,https://ror.org/027n25314
Rhema University,2025-11-24,https://ror.org/027rrs715
Graduate University of Mongolia,2025-11-24,https://ror.org/027txbv15
Formosa Plastics (Taiwan),2025-11-24,https://ror.org/027ynca27
Russian State University of Cinematography named after SA Gerasimov,2025-11-24,https://ror.org/028023c94
Republican Research Center for Radiation Medicine and Human Ecology,2025-11-24,https://ror.org/0287xzx52
Austrian Centre for Digital Humanities,2025-11-24,https://ror.org/028bsh698
Nile Valley University,2025-11-24,https://ror.org/028gajb68
Romanian-American University,2025-11-24,https://ror.org/028jcy673
Korea Food Research Institute,2025-11-24,https://ror.org/028jp5z02
Institute of Public Health Zadar,2025-11-24,https://ror.org/028tpe536
Climate Centre,2025-11-24,https://ror.org/028x4en59
Institute of Architecture and Urban & Spatial Planning of Serbia,2025-11-24,https://ror.org/028yn3418
Albury Wodonga Health,2025-11-24,https://ror.org/028ypwr15
"Department for Science, Innovation and Technology",2025-11-24,https://ror.org/028z36n30
United States Department of Justice,2025-11-24,https://ror.org/02916qm60
Mahaveer Academy of Technology and Science University,2025-11-24,https://ror.org/0292bh813
Pakistan Atomic Energy Commission,2025-11-24,https://ror.org/0292p9y97
National Tropical Botanical Garden,2025-11-24,https://ror.org/029h2vx94
Grande International Hospital,2025-11-24,https://ror.org/029m5wr77
District of Columbia Water and Sewer Authority,2025-11-24,https://ror.org/029yh7e40
Universitas Mitra Indonesia,2025-11-24,https://ror.org/02a1v0072
Secretaria da Saúde do Estado da Bahia,2025-11-24,https://ror.org/02ae50943
Friedrich-Ebert-Stiftung e.V.,2025-11-24,https://ror.org/02ak8fm03
Anagram Therapeutics Inc. (United States of America),2025-11-24,https://ror.org/02am94a11
Austrian Red Cross,2025-11-24,https://ror.org/02aqrmp51
Dassault Aviation (France),2025-11-24,https://ror.org/02as1sh25
Fahrenheit (Germany),2025-11-24,https://ror.org/02b08tk40
Instituto Alexander Fleming,2025-11-24,https://ror.org/02b0zvv74
Ministry of Science and Technology,2025-11-24,https://ror.org/02b207r52
Institutul Național de Endocrinologie C.I. Parhon,2025-11-24,https://ror.org/02b4rb907
Musée du Quai Branly – Jacques Chirac,2025-11-24,https://ror.org/02b7a2y37
South African Institute of International Affairs,2025-11-24,https://ror.org/02bxpm650
Institute of Precision Mechanics,2025-11-24,https://ror.org/02bxtrk46
CK-CARE,2025-11-24,https://ror.org/02c1jcc15
European Bioinformatics Institute,2025-11-24,https://ror.org/02catss52
University of Sudbury,2025-11-24,https://ror.org/02cdcg608
Governo do Distrito Federal,2025-11-24,https://ror.org/02ckm0r33
Stroud Water Research Center,2025-11-24,https://ror.org/02cmd6814
Obong University,2025-11-24,https://ror.org/02crmer26
IIHMR University,2025-11-24,https://ror.org/02crnef85
"Institute of Geology and Nature Management, Far Eastern Branch of the Russian Academy of Sciences",2025-11-24,https://ror.org/02crntj88
Network Rail,2025-11-24,https://ror.org/02ct12k14
Law & Justice Commission of Pakistan,2025-11-24,https://ror.org/02cyjbt83
Caring Futures Institute,2025-11-24,https://ror.org/02d01az19
Consorzio Milano Ricerche,2025-11-24,https://ror.org/02d71t021
Museum of Fine Arts,2025-11-24,https://ror.org/02dk5kk54
Modern Academy for Engineering and Technology,2025-11-24,https://ror.org/02dmj8v04
Hospital Amaral Carvalho,2025-11-24,https://ror.org/02dngnr16
The Ark,2025-11-24,https://ror.org/02dnv4714
Clinatec,2025-11-24,https://ror.org/02dpnb389
European Centre for Training and Research in Earthquake Engineering,2025-11-24,https://ror.org/02dq7z403
Center for Solar Energy Research and Studies,2025-11-24,https://ror.org/02dsehb09
Sanatorium Kilchberg,2025-11-24,https://ror.org/02dv2bn85
Swedish National Board of Forensic Medicine,2025-11-24,https://ror.org/02dxpep57
Turbus (Chile),2025-11-24,https://ror.org/02e2p8n33
Sankt-Antonius-Hospital Eschweiler,2025-11-24,https://ror.org/02e5r8n65
Nanyang Technological University,2025-11-24,https://ror.org/02e7b5302
Greensboro College,2025-11-24,https://ror.org/02eb31840
DAIR Institute,2025-11-24,https://ror.org/02efj9m29
Burgas Free University,2025-11-24,https://ror.org/02ek1bx64
Centro Universitário Eurípedes de Marilia,2025-11-24,https://ror.org/02er3bg49
Cosmetics Europe,2025-11-24,https://ror.org/02errzw26
University of Haifa,2025-11-24,https://ror.org/02f009v59
Department of Science and Technology of Liaoning Province,2025-11-24,https://ror.org/02f09cx53
Cabinet Office,2025-11-24,https://ror.org/02f0jdn75
Blagoveschensk State Pedagogical University,2025-11-24,https://ror.org/02f4g9771
Albanian University,2025-11-24,https://ror.org/02f8a6404
Majblommans Riksförbund,2025-11-24,https://ror.org/02fapb125
Instituto Sócioambiental,2025-11-24,https://ror.org/02fm22986
ACLEDA University of Business,2025-11-24,https://ror.org/02fmnes76
Office for Product Safety and Standards,2025-11-24,https://ror.org/02fvybm75
"St. Philomena College, Puttur",2025-11-24,https://ror.org/02fx0ag10
Italian Association for Cancer Research,2025-11-24,https://ror.org/02g2x7380
Institute of Radiotherapy and Nuclear Medicine,2025-11-24,https://ror.org/02g9y9404
Vermont Law and Graduate School,2025-11-24,https://ror.org/02gky3n02
Observational & Pragmatic Research Institute,2025-11-24,https://ror.org/02gq3ch54
Compute Ontario,2025-11-24,https://ror.org/02gq5c945
"Technology Centre for Offshore and Marine, Singapore",2025-11-24,https://ror.org/02gqf9e56
Universidad Metropolitana de Honduras,2025-11-24,https://ror.org/02gsh9561
Missouri Institute of Mental Health,2025-11-24,https://ror.org/02gw4vz38
Astor Enerji (Türkiye),2025-11-24,https://ror.org/02h1b8b88
Alexander von Humboldt Institute for Internet and Society,2025-11-24,https://ror.org/02h1qnm70
Vincent Van Gogh Voor Geestelijke Gezondheidszorg,2025-11-24,https://ror.org/02h6h5y05
Universitas Quality,2025-11-24,https://ror.org/02h8xd110
Fonds Spéciaux de Recherche,2025-11-24,https://ror.org/02hcmqg97
Palestine Exploration Fund,2025-11-24,https://ror.org/02hjy9d57
Agrico (Netherlands),2025-11-24,https://ror.org/02hs8rd37
Grand River Hospital,2025-11-24,https://ror.org/02j3zn476
École Supérieure de Chimie Organique et Minérale,2025-11-24,https://ror.org/02j530k95
Yamashina Institute for Ornithology,2025-11-24,https://ror.org/02jkw2g13
Universitas Mulia,2025-11-24,https://ror.org/02jxxbt79
KazMunayGas (Kazakhstan),2025-11-24,https://ror.org/02k3grx88
Christophorus Kliniken,2025-11-24,https://ror.org/02k8pys83
Foundation for Chiropractic Education,2025-11-24,https://ror.org/02ke2dd77
German Marine Research Consortium,2025-11-24,https://ror.org/02knxrg60
Hungarian Academy of Sciences,2025-11-24,https://ror.org/02ks8qq67
Korea Technology and Information Promotion Agency for SMEs,2025-11-24,https://ror.org/02kxx1z36
Vorarlberg Institute for Vascular Investigation and Treatment,2025-11-24,https://ror.org/02kz4tk84
UConn Health,2025-11-24,https://ror.org/02kzs4y22
Centenary College of Louisiana,2025-11-24,https://ror.org/02m2as397
Laboratory of Data Discovery for Health,2025-11-24,https://ror.org/02mbz1h25
Mitera Hospital,2025-11-24,https://ror.org/02mgwph26
Research and Production Association Typhoon,2025-11-24,https://ror.org/02mme4d79
Creare (United States),2025-11-24,https://ror.org/02mrcx295
Misophonia Research Fund,2025-11-24,https://ror.org/02n96xt70
Departamento Nacional de Planeación,2025-11-24,https://ror.org/02nc8vp15
Kabul Medical University,2025-11-24,https://ror.org/02ndvz068
Buein Zahra Technical University,2025-11-24,https://ror.org/02nee2y72
"Consejería de Universidad, Investigación e Innovación",2025-11-24,https://ror.org/02nkg1w23
Swiss Federal Nuclear Safety Inspectorate,2025-11-24,https://ror.org/02npm8404
Stichting A.F. Deutman Oogheelkunde Researchfonds,2025-11-24,https://ror.org/02nrc4737
Indian Institute of Management Amritsar,2025-11-24,https://ror.org/02nthw835
Brihan Maharashtra College of Commerce (Autonomous),2025-11-24,https://ror.org/02nxwxd50
Universidad Complutense de Madrid,2025-11-24,https://ror.org/02p0gd045
Simulations Plus (United States),2025-11-24,https://ror.org/02p0yhm49
Nephrologisches Zentrum Goettingen,2025-11-24,https://ror.org/02p1wqy15
Siena Heights University,2025-11-24,https://ror.org/02p2msn36
Łukasiewicz Research Network - Institute of Microelectronics and Photonics,2025-11-24,https://ror.org/02pc3jd49
Guangdong Polytechnic Normal University,2025-11-24,https://ror.org/02pcb5m77
Timber Institute,2025-11-24,https://ror.org/02phgvp38
McDermott Will & Emery (United States),2025-11-24,https://ror.org/02pn7t710
HUN-REN Balaton Limnological Research Institute,2025-11-24,https://ror.org/02pnhwp93
Baylor College of Medicine,2025-11-24,https://ror.org/02pttbw34
Hebei Food Inspection and Research Institute,2025-11-24,https://ror.org/02pxntn72
Psychologische Hochschule Berlin,2025-11-24,https://ror.org/02qchbs48
Danish Institute for Human Rights,2025-11-24,https://ror.org/02qd0cv38
Manonmaniam Sundaranar University,2025-11-24,https://ror.org/02qgw5c67
Finnish Institute of International Affairs,2025-11-24,https://ror.org/02qpcpw42
Marine Research Centre,2025-11-24,https://ror.org/02r785h72
Imperial Metals (Canada),2025-11-24,https://ror.org/02raka351
"Biozeron Shenzhen, Inc. (China)",2025-11-24,https://ror.org/02rn72456
Psychological Institute of the Russian Academy of Education,2025-11-24,https://ror.org/02rvd6d64
Universidad de Navarra,2025-11-24,https://ror.org/02rxc7m23
D. E. Shaw Research,2025-11-24,https://ror.org/02s04h872
Chugoku Central Hospital,2025-11-24,https://ror.org/02s06n261
Advanced Technology & Materials (China),2025-11-24,https://ror.org/02s3fnw45
Fondation pour la Recherche Stratégique,2025-11-24,https://ror.org/02s87b036
Neumann University,2025-11-24,https://ror.org/02sak2w47
ISEAS - Yusof Ishak Institute,2025-11-24,https://ror.org/02sck9v68
Zanzibar University,2025-11-24,https://ror.org/02sejv728
Victoria Park,2025-11-24,https://ror.org/02sg1hf43
Centro de Estudios Populares,2025-11-24,https://ror.org/02sh4zm95
Dementia UK,2025-11-24,https://ror.org/02svp4q11
Paragon Testing Enterprises (Canada),2025-11-24,https://ror.org/02t7gyd38
Hologic (United States),2025-11-24,https://ror.org/02td4ph55
Geincor S.A.S. (Colombia),2025-11-24,https://ror.org/02tfm9x44
Keiyukai Sapporo Hospital,2025-11-24,https://ror.org/02thnee40
Crossref,2025-11-24,https://ror.org/02twcfp32
Nantong Science and Technology Bureau,2025-11-24,https://ror.org/02tx34m84
Sekolah Tinggi Agama Islam Darussalam Nganjuk,2025-11-24,https://ror.org/02v391n12
Centro de Ciencias Ambientales EULA-Chile de la Universidad de Concepción,2025-11-24,https://ror.org/02v5jxh60
Sultan Abdul Halim Mu'adzam Shah International Islamic University,2025-11-24,https://ror.org/02v7nqx28
Indian Spinal Injuries Centre,2025-11-24,https://ror.org/02vc1v137
Project HOPE,2025-11-24,https://ror.org/02ved8513
Rama University,2025-11-24,https://ror.org/02vhyd254
Inserm,2025-11-24,https://ror.org/02vjkv261
Universitas Muhammadiyah Sampit,2025-11-24,https://ror.org/02vraa571
Norsar,2025-11-24,https://ror.org/02vw8cm83
Guardia Civil,2025-11-24,https://ror.org/02w3h2896
Ufa University of Science and Technology,2025-11-24,https://ror.org/02wnaj108
Nippon Bunri University,2025-11-24,https://ror.org/02wp4vw89
Dollezhal Research and Development Institute of Power Engineering,2025-11-24,https://ror.org/02wt6gj97
Dr. K.N.Modi University,2025-11-24,https://ror.org/02wvjw989
Centro Español de Investigación Farmacoepidemiológica,2025-11-24,https://ror.org/02wxe0t87
Universidade Nova de Lisboa,2025-11-24,https://ror.org/02xankh89
North Manchester General Hospital,2025-11-24,https://ror.org/02xesw687
Amazon (United Kingdom),2025-11-24,https://ror.org/02xey9634
Universidade de Brasília,2025-11-24,https://ror.org/02xfp8v59
Manhattan University,2025-11-24,https://ror.org/02xhnzg94
Collegium Mazovia Innowacyjna Szkoła Wyższa,2025-11-24,https://ror.org/02xm2e940
Vineland Research and Innovation Centre,2025-11-24,https://ror.org/02xp8v962
Institute of Applied Geophysics of the Academy of Sciences,2025-11-24,https://ror.org/02xqwa087
Neurocentre Magendie,2025-11-24,https://ror.org/02xx07v13
Educational Research Institute,2025-11-24,https://ror.org/02xztm077
Queen's University,2025-11-24,https://ror.org/02y72wh86
Museum of Decorative Arts in Prague,2025-11-24,https://ror.org/02y7mzf89
UCD Foundation,2025-11-24,https://ror.org/02yc19841
FZU ‒ Institute of Physics of the Academy of Sciences of the Czech Republic,2025-11-24,https://ror.org/02yhj4v17
American Institute of Chemical Engineers,2025-11-24,https://ror.org/02yjcxz86
Zhejiang University Medical College Affiliated Stomatological Hospital,2025-11-24,https://ror.org/02yk7ya44
Hainan Center for Disease Control & Prevention,2025-11-24,https://ror.org/02yr91f43
American Political Science Association,2025-11-24,https://ror.org/02z384071
Research Network for the Study of Esoteric Practices,2025-11-24,https://ror.org/02z54mf22
Institute of Physico-Technical Problems of the North named VP Larionov,2025-11-24,https://ror.org/02zc6h894
ANT Foundation Italy Onlus,2025-11-24,https://ror.org/02zf60s91
Fondation Sciences mathématiques de Paris,2025-11-24,https://ror.org/02zgjrf98
American Society for Clinical Pathology,2025-11-24,https://ror.org/02zhj3b46
University of Hong Kong,2025-11-24,https://ror.org/02zhqgq86
Bhailalbhai and Bhikhabhai Institute of Technology,2025-11-24,https://ror.org/02ztgqr61
Ider University,2025-11-24,https://ror.org/03054hf98
Stephens College,2025-11-24,https://ror.org/0305v8773
Cambia,2025-11-24,https://ror.org/0307tfa50
Saint Petersburg State University of Civil Aviation,2025-11-24,https://ror.org/03092z988
Institute of Avian Research,2025-11-24,https://ror.org/0309m1r07
State Development & Investment Corporation (China),2025-11-24,https://ror.org/030mq9680
Habib University,2025-11-24,https://ror.org/030p2g996
Uzsoki Hospital,2025-11-24,https://ror.org/030pj1w51
Lahore Leads University,2025-11-24,https://ror.org/030qptj94
Department for Business and Trade,2025-11-24,https://ror.org/030tdpg67
Children’s Village,2025-11-24,https://ror.org/030vvqf88
Newbold College of Higher Education,2025-11-24,https://ror.org/0312t3r96
New York Academy of Sciences,2025-11-24,https://ror.org/0316hvk63
Center For Biomarker Research In Medicine,2025-11-24,https://ror.org/031gwf224
Bacha Khan College of Dentistry,2025-11-24,https://ror.org/0322z4214
Indepth Network,2025-11-24,https://ror.org/0326f0a78
Disney Conservation Fund,2025-11-24,https://ror.org/032eckg27
Office on Violence Against Women,2025-11-24,https://ror.org/032jvkt14
Sea Turtle Conservancy,2025-11-24,https://ror.org/032p73z44
Artifex University,2025-11-24,https://ror.org/032pgsv75
Gower College Swansea,2025-11-24,https://ror.org/032rn0w24
Universitas Wisnuwardhana Malang,2025-11-24,https://ror.org/032t2sn55
Self Family Foundation,2025-11-24,https://ror.org/032v46217
Respiratory Programmatic Implementation and Research Institute,2025-11-24,https://ror.org/032whjy27
Mediciti Institute of Medical Sciences,2025-11-24,https://ror.org/032y8tg91
Institut Seni Budaya Indonesia Aceh,2025-11-24,https://ror.org/0330myb20
Korkyt Ata Kyzylorda State University,2025-11-24,https://ror.org/0336rcx12
Dimitrie Cantemir Christian University,2025-11-24,https://ror.org/03378gm70
Metabolon (United States),2025-11-24,https://ror.org/033qhvk72
Winston-Salem/Forsyth County Schools,2025-11-24,https://ror.org/0340nty70
Federación Española de Enfermedades Raras,2025-11-24,https://ror.org/0348bpk17
Copenhagen Institute for Futures Studies,2025-11-24,https://ror.org/034cagk98
Forestry and Game Management Research Institute,2025-11-24,https://ror.org/034cj1z12
Central Council for Research in Unani Medicine,2025-11-24,https://ror.org/034fcx588
Infant Foundation,2025-11-24,https://ror.org/034jx4s30
Houston Community College System,2025-11-24,https://ror.org/034nqjm29
Electronics Testing Center,2025-11-24,https://ror.org/034rqbg02
Grozny State Oil Technical University named after Academician MD Millionshtchikov,2025-11-24,https://ror.org/034tqw466
Rehabilitation Foundation,2025-11-24,https://ror.org/034x5a519
Copenhagen Prospective Studies on Asthma in Childhood,2025-11-24,https://ror.org/034zy7551
Surya University,2025-11-24,https://ror.org/0351zfv36
Ministry of Agriculture of the Republic of Kazakhstan,2025-11-24,https://ror.org/03577hm03
Thriasio General Hospital of Elefsina,2025-11-24,https://ror.org/035e8e276
Veleučilište Velika Gorica,2025-11-24,https://ror.org/035ghve61
Shepherd Center,2025-11-24,https://ror.org/035hd8d68
State Museum of Natural History Karlsruhe,2025-11-24,https://ror.org/035hn3t86
Moscow State University of Geodesy and Cartography,2025-11-24,https://ror.org/035jyty51
Akademia Łomżyńska,2025-11-24,https://ror.org/035qf0p33
New Uzbekistan University,2025-11-24,https://ror.org/035v3tr79
Universitas Gresik,2025-11-24,https://ror.org/035yj9j43
United Kingdom Atomic Energy Authority,2025-11-24,https://ror.org/0361bwx64
Instituto de Tecnologia de Pernambuco,2025-11-24,https://ror.org/0366k5v88
Instituto Tecnológico de Ciudad Altamirano,2025-11-24,https://ror.org/036epwb08
Łukasiewicz Research Network,2025-11-24,https://ror.org/036f4sz05
Azienda Sanitaria Locale CN2,2025-11-24,https://ror.org/036g5z675
Universidade de São Paulo,2025-11-24,https://ror.org/036rp1748
HUN-REN Research Centre for Astronomy and Earth Sciences,2025-11-24,https://ror.org/036wvs663
Payampersa Language Institute,2025-11-24,https://ror.org/036ymcv65
Texas Medical Center Library,2025-11-24,https://ror.org/037hnxh06
Iranian National Institute for Oceanography and Atmospheric Science,2025-11-24,https://ror.org/037k29e77
Canadian Paediatric Society,2025-11-24,https://ror.org/037qnwq20
Helios Salud,2025-11-24,https://ror.org/037vec356
Educons University,2025-11-24,https://ror.org/037vhb936
Berlin University Alliance,2025-11-24,https://ror.org/037vpsd04
Ohta Nishinouchi Hospital,2025-11-24,https://ror.org/037wv7h91
Lyceum College,2025-11-24,https://ror.org/037zdfv74
"Instituto Universitario Politécnico ""Santiago Mariño""",2025-11-24,https://ror.org/0383bt318
University of Yangon,2025-11-24,https://ror.org/038724806
Kunming Medical University,2025-11-24,https://ror.org/038c3w259
Orenburg State Pedagogical University,2025-11-24,https://ror.org/038nzs086
Bayerische Landesanstalt für Wald und Forstwirtschaft,2025-11-24,https://ror.org/038rpgw61
The Jones Center at Ichauway,2025-11-24,https://ror.org/038rzwt76
London Institute for Mathematical Sciences,2025-11-24,https://ror.org/0390mzx53
Hellenic Mediterranean University,2025-11-24,https://ror.org/039ce0m20
Mykolaiv Polytechnic Professional College,2025-11-24,https://ror.org/039x8pg04
The Center for Artificial Intelligence and Environmental Sustainability (CAIES) Foundation,2025-11-24,https://ror.org/039zjm090
Kureha (Japan),2025-11-24,https://ror.org/03a23ph14
State University of Applied Sciences in Jaroslaw,2025-11-24,https://ror.org/03a3j6h47
"Bundesministerium für Wohnen, Kunst, Kultur, Medien und Sport",2025-11-24,https://ror.org/03a6wcb68
South African Reserve Bank,2025-11-24,https://ror.org/03ac3bx22
Delta Electronics (Taiwan),2025-11-24,https://ror.org/03acb7p04
Shanghai Municipal Commission of Health and Family Planning,2025-11-24,https://ror.org/03at7w331
Saint-Petersburg I. I. Dzhanelidze Research Institute of Emergency Medicine,2025-11-24,https://ror.org/03awxm844
United Orthopedic (Taiwan),2025-11-24,https://ror.org/03b42q221
Ciro,2025-11-24,https://ror.org/03b8ydc26
Multitiendas Corona S.A. (Chile),2025-11-24,https://ror.org/03bd9pq85
Institución Universitaria Colombo Americana,2025-11-24,https://ror.org/03bj1fs86
San Fernando General Hospital,2025-11-24,https://ror.org/03bke4038
Centre For Cold Ocean Resources Engineering,2025-11-24,https://ror.org/03bqa4029
University Of Information Technology,2025-11-24,https://ror.org/03bxja712
University of Ottawa,2025-11-24,https://ror.org/03c4mmv16
Ottawa Hospital,2025-11-24,https://ror.org/03c62dg59
Royal Australian College of General Practitioners,2025-11-24,https://ror.org/03c6kd554
Anderson University - Indiana,2025-11-24,https://ror.org/03cebjr81
Glacier Bay National Park and Preserve,2025-11-24,https://ror.org/03cf6vz60
Klinikum Mutterhaus der Borromäerinnen,2025-11-24,https://ror.org/03cn8n632
"Ministry of Higher Education, Science, Research and Innovation",2025-11-24,https://ror.org/03cqd2v24
Curry College,2025-11-24,https://ror.org/03cyjvc50
British Steel (United Kingdom),2025-11-24,https://ror.org/03cz13y64
Zoos Victoria,2025-11-24,https://ror.org/03d17t865
Institut Cartogràfic i Geològic de Catalunya,2025-11-24,https://ror.org/03d2ezn18
Rajkiya Engineering College Banda,2025-11-24,https://ror.org/03d5y7k92
World Rugby,2025-11-24,https://ror.org/03d6pk735
University of Toronto,2025-11-24,https://ror.org/03dbr7087
Nasjonalforeningen for Folkehelsen,2025-11-24,https://ror.org/03dq5g621
"Shanghai Biozeron Biotechnology Co., Ltd (China)",2025-11-24,https://ror.org/03e0v4s75
IMT Mines Alès,2025-11-24,https://ror.org/03e8rf594
Kamaraj College,2025-11-24,https://ror.org/03eas6919
Vignana Bharathi Institute of Technology,2025-11-24,https://ror.org/03ebghh63
Loras College,2025-11-24,https://ror.org/03eecf728
Moonshot AI (China),2025-11-24,https://ror.org/03ej19f56
Hospital Universitario de la Samaritana,2025-11-24,https://ror.org/03eqe9f63
Ningbo University,2025-11-24,https://ror.org/03et85d35
National Socio-Environmental Synthesis Center,2025-11-24,https://ror.org/03exg0778
Durham College,2025-11-24,https://ror.org/03f9vhh95
Fondazione Centro Marino Internazionale,2025-11-24,https://ror.org/03fc14d06
StepFun AI (China),2025-11-24,https://ror.org/03fwjkz17
Państwowa Akademia Nauk Stosowanych w Przemyślu,2025-11-24,https://ror.org/03fzdmt35
Saint Louis Zoo,2025-11-24,https://ror.org/03g0fjg84
"National Research, Development and Innovation Office",2025-11-24,https://ror.org/03g2am276
Wockhardt Hospitals,2025-11-24,https://ror.org/03ga5xc36
"Secretaría Nacional de Ciencia, Tecnología e Innovación",2025-11-24,https://ror.org/03gat5t60
The University of Texas Health Science Center at Houston,2025-11-24,https://ror.org/03gds6c39
Institut universitaire de cardiologie et de pneumologie de Québec,2025-11-24,https://ror.org/03gf7z214
American Water Works Association,2025-11-24,https://ror.org/03gk11k54
"Rani Channamma University, Belagavi",2025-11-24,https://ror.org/03gq89z78
ALK-Abelló (Denmark),2025-11-24,https://ror.org/03gyzpb04
Dr. A.P.J. Abdul Kalam Technical University,2025-11-24,https://ror.org/03h56sg55
"Ulster University, Derry-Londonderry Campus",2025-11-24,https://ror.org/03hab3x36
Blantyre Institute for Community Ophthalmology,2025-11-24,https://ror.org/03hbv3b74
Pushkin State Russian language Institute,2025-11-24,https://ror.org/03hcakg70
Swissmedic,2025-11-24,https://ror.org/03hdjmh87
The Polytechnic Ibadan,2025-11-24,https://ror.org/03hjbt093
Anaheim University,2025-11-24,https://ror.org/03ht5xf97
Bahrain Center for Strategic International and Energy Studies,2025-11-24,https://ror.org/03ht6cj06
Comisión Chilena de Energía Nuclear,2025-11-24,https://ror.org/03hv95d67
Synlab (Germany),2025-11-24,https://ror.org/03hw14970
Harvard Vanguard Medical Associates,2025-11-24,https://ror.org/03hwmxn85
Federal Scientific Center of Physical Culture and Sports,2025-11-24,https://ror.org/03hye4039
Institute of Economic Affairs,2025-11-24,https://ror.org/03hz7e558
Milad Hospital,2025-11-24,https://ror.org/03jayhg97
Community & Oral Health Service - MSH,2025-11-24,https://ror.org/03jb5sg38
Walmart Foundation,2025-11-24,https://ror.org/03jdskm89
Department of Cinnamon Development,2025-11-24,https://ror.org/03jhpv180
Government of Shandong Province,2025-11-24,https://ror.org/03jjt8440
Foundation of Cardiac Surgery Development,2025-11-24,https://ror.org/03jv3zx29
Wellcome Leap,2025-11-24,https://ror.org/03jzgvn02
Cegep de Saint Hyacinthe,2025-11-24,https://ror.org/03k6zcv51
Durgadevi Saraf Institute of Management Studies,2025-11-24,https://ror.org/03k6zec98
Kurume Institute of Technology,2025-11-24,https://ror.org/03kb7hq55
Politeknik APP Jakarta,2025-11-24,https://ror.org/03kn92f86
IQ Samhällsbyggnad,2025-11-24,https://ror.org/03knfbb08
Barcelona Institute of Science and Technology,2025-11-24,https://ror.org/03kpps236
Ensco (United States),2025-11-24,https://ror.org/03ky7jj30
Cégep de Chicoutimi,2025-11-24,https://ror.org/03kzn3e44
Frontier Science Foundation-Hellas,2025-11-24,https://ror.org/03m2f4c21
University of Arizona,2025-11-24,https://ror.org/03m2x1q45
STKIP Al Islam Tunas Bangsa,2025-11-24,https://ror.org/03m732v54
Bay Zoltán Foundation for Applied Research,2025-11-24,https://ror.org/03m7pt185
National Collaborative on Gun Violence Research,2025-11-24,https://ror.org/03mam0k06
Universitat Politècnica de Catalunya,2025-11-24,https://ror.org/03mb6wj31
"""National Medical Research Center for Rehabilitation and Balneology"" of the Ministry of Health of the Russian Federation",2025-11-24,https://ror.org/03mgprp21
MSPCA-Angell,2025-11-24,https://ror.org/03mpekj96
HSU Dr. Suat Seren Chest Diseases and Chest Surgery Training and Research Hospital,2025-11-24,https://ror.org/03mq2kf66
European Molecular Biology Laboratory,2025-11-24,https://ror.org/03mstc592
The Peregrine Fund,2025-11-24,https://ror.org/03mxy1b19
Landesklinikum Korneuburg,2025-11-24,https://ror.org/03n0q0765
Infectious Clinical Hospital No. 1,2025-11-24,https://ror.org/03n1zbr44
Croatian Science Foundation,2025-11-24,https://ror.org/03n51vw80
China National GeneBank,2025-11-24,https://ror.org/03n9hr695
Association for the Development of Douro Viticulture,2025-11-24,https://ror.org/03na52343
Garrett–Evangelical Theological Seminary,2025-11-24,https://ror.org/03ncber98
Rwanda Agriculture Board,2025-11-24,https://ror.org/03nkkb025
Roketsan,2025-11-24,https://ror.org/03nt0pm37
Fortum (Finland),2025-11-24,https://ror.org/03nx8tr59
Museu da Amazonia,2025-11-24,https://ror.org/03nxnp058
Grups de Recerca d'Amèrica i Àfrica Llatines - GRAAL,2025-11-24,https://ror.org/03p47p764
Centro de Estudios de Conflicto y Cohesión Social,2025-11-24,https://ror.org/03p4pbx79
Shatsk National Natural Park,2025-11-24,https://ror.org/03p4sac31
MINT Memory Clinic,2025-11-24,https://ror.org/03pan3838
National Research Development Institute for Animal Biology and Nutrition,2025-11-24,https://ror.org/03pejb093
Instituto de Olhos de Goiânia,2025-11-24,https://ror.org/03pek4v37
Islamic University in Uganda,2025-11-24,https://ror.org/03ph49z03
National University of Lomas de Zamora,2025-11-24,https://ror.org/03phg1t06
Nanomaterials and Nanotechnology Research Center,2025-11-24,https://ror.org/03ppnws78
Gangneung Asan Hospital,2025-11-24,https://ror.org/03pw3x387
Catholic University of Central Africa,2025-11-24,https://ror.org/03q0dfp67
Azienda Ospedaliero Universitario Mater Domini,2025-11-24,https://ror.org/03q658t19
Mental Health Commission,2025-11-24,https://ror.org/03qcxsn76
Scientific and Production Association. S.A. Lavochkin,2025-11-24,https://ror.org/03qe1mf77
Asociación Psicoanalítica de Buenos Aires,2025-11-24,https://ror.org/03qtd7e32
Nutrasource,2025-11-24,https://ror.org/03qtzhe36
Israelitisches Krankenhaus,2025-11-24,https://ror.org/03r30hs79
National Institute of Public Finance and Policy,2025-11-24,https://ror.org/03r6d1b04
Institute e-Austria Timisoara,2025-11-24,https://ror.org/03r6neh61
Indonesia International Institute for Life Sciences,2025-11-24,https://ror.org/03rab9n37
St. Vincenz-Krankenhaus Limburg,2025-11-24,https://ror.org/03rfk3a08
Instituto de Estudios Universitarios,2025-11-24,https://ror.org/03rkach21
Division of Materials Science and Engineering,2025-11-24,https://ror.org/03rs0fg31
Métis-Lab,2025-11-24,https://ror.org/03rs37749
Austrian Competence Centre of Food Safety,2025-11-24,https://ror.org/03rt9jf88
Universitas Pat Petulai,2025-11-24,https://ror.org/03rv23z49
mBrainTrain LLC (Serbia),2025-11-24,https://ror.org/03rv43109
punctum books (United Sates),2025-11-24,https://ror.org/03s1ada23
Humanitas University in Sosnowiec,2025-11-24,https://ror.org/03s5jv345
Eye Foundation Hospital,2025-11-24,https://ror.org/03s6myg30
Waterborne Environmental (United States),2025-11-24,https://ror.org/03sd2pz70
Società Italiana di Reumatologia,2025-11-24,https://ror.org/03sgp5m15
Ministère de l’Enseignement Supérieur et de la Recherche,2025-11-24,https://ror.org/03sjk9a61
University of Mobile,2025-11-24,https://ror.org/03sswts20
Ministry of SMEs and Startups,2025-11-24,https://ror.org/03sws5s65
International Executive School,2025-11-24,https://ror.org/03t2k2g27
Pancreatic Cancer Action Network,2025-11-24,https://ror.org/03t5n9b81
Examinations Council of Zambia,2025-11-24,https://ror.org/03t8jp775
Rajkiya Engineering College Mainpuri,2025-11-24,https://ror.org/03tfgky26
Bolivarian University of Venezuela,2025-11-24,https://ror.org/03thbf157
Goshen College,2025-11-24,https://ror.org/03tj80n37
State Archaeological Museum,2025-11-24,https://ror.org/03tkv5n25
"Yiyang Transportation Planning, Survey, and Design Institute Co., Ltd. (China)",2025-11-24,https://ror.org/03tm4wz15
Patagonian Ecosystems Investigation Research Center,2025-11-24,https://ror.org/03tmyej96
Environmental Protection Agency,2025-11-24,https://ror.org/03tns0030
Chania General Hospital ”St. George”,2025-11-24,https://ror.org/03tte1d07
Institut National de la Statistique et des Etudes Economiques,2025-11-24,https://ror.org/03v6yxf25
RACP Foundation,2025-11-24,https://ror.org/03ve4rt72
Rajkiya Engineering College Azamgarh,2025-11-24,https://ror.org/03vews725
State Research Center for Applied Microbiology and Biotechnology,2025-11-24,https://ror.org/03vmrxk92
Instituto de Neurociencia Biomédica,2025-11-24,https://ror.org/03vp7ry06
Fundação de Amparo à Pesquisa e ao Desenvolvimento Científico e Tecnológico do Maranhão,2025-11-24,https://ror.org/03vqm2n93
Belarusian State University of Transport,2025-11-24,https://ror.org/03vt4hz19
Foundation for Opioid Response Efforts,2025-11-24,https://ror.org/03vv3x922
United States Department of State,2025-11-24,https://ror.org/03vvynj75
Johannelund School of Theology,2025-11-24,https://ror.org/03vyspr60
Gansu Education Department,2025-11-24,https://ror.org/03w2z6524
Gemeente Den Haag,2025-11-24,https://ror.org/03w387231
Vestre Viken Hospital Trust,2025-11-24,https://ror.org/03wgsrq67
Karary University,2025-11-24,https://ror.org/03ws81249
Timken (United States),2025-11-24,https://ror.org/03wxv1976
Elgin Community College,2025-11-24,https://ror.org/03x2x0e06
Sochi State University,2025-11-24,https://ror.org/03x8kxy88
Kaye Academic College of Education,2025-11-24,https://ror.org/03xagjf37
Centro Universitário do Cerrado Patrocínio,2025-11-24,https://ror.org/03xbfbm37
Jahrom University,2025-11-24,https://ror.org/03xp8p672
Hua Medicine (China),2025-11-24,https://ror.org/03xpnp312
Institute of Technical Education,2025-11-24,https://ror.org/03xw9zx77
Fundación Universitaria Antonio Gargallo,2025-11-24,https://ror.org/03y00b460
University of Music Detmold,2025-11-24,https://ror.org/03y02pg02
Tropical Diseases Research Centre,2025-11-24,https://ror.org/03y122s09
Structural Integrity Associates (United States),2025-11-24,https://ror.org/03y9hjd03
Office of Rural Health,2025-11-24,https://ror.org/03ydjzz16
Nagoya Municipal Industrial Research Institute,2025-11-24,https://ror.org/03yfqhm12
International Business School,2025-11-24,https://ror.org/03yme6x53
All-Russian Research Institute of Oil Crops by V.S. Pustovoit,2025-11-24,https://ror.org/03ytd3n75
Klinik Bad Reichenhall,2025-11-24,https://ror.org/03ytm9f32
Taipei American School,2025-11-24,https://ror.org/03yy33w47
Sancheti Institute For Orthopaedics & Rehabilitation,2025-11-24,https://ror.org/03yyfkv62
Institutul de Științe ale Educației,2025-11-24,https://ror.org/03yyjfh87
Centre Hospitalier Vétérinaire Frégis,2025-11-24,https://ror.org/03yzavx55
Kaiser Family Foundation,2025-11-24,https://ror.org/03zgwe847
"Centro de Investigación Científica de Yucatán, A.C",2025-11-24,https://ror.org/03znw6w55
Manitoba Innovates,2025-11-24,https://ror.org/03zs6xb29
Dharmais Cancer Hospital,2025-11-24,https://ror.org/04039yq48
Gulistan State University,2025-11-24,https://ror.org/0404f9j94
Cumberland Hospital,2025-11-24,https://ror.org/0405gx254
Sciences Po Aix,2025-11-24,https://ror.org/0406m4x33
Universidade Federal de Viçosa,2025-11-24,https://ror.org/0409dgb37
College of Agriculture Science and Technology,2025-11-24,https://ror.org/040eetd52
General Organization For Teaching Hospitals and Institutes,2025-11-24,https://ror.org/040ejvh72
Jordan University College,2025-11-24,https://ror.org/040qff210
Yukon University,2025-11-24,https://ror.org/040w4gz36
The Micheli Center for Sports Injury Prevention,2025-11-24,https://ror.org/040w7d028
Associação Fundo de Incentivo à Pesquisa,2025-11-24,https://ror.org/040y74d88
Centre Azrieli de recherche sur l'autisme,2025-11-24,https://ror.org/0413bc824
Klinikum Bremerhaven-Reinkenheide,2025-11-24,https://ror.org/0417z1990
Southwest General Health Center,2025-11-24,https://ror.org/041c6tx10
Ziauddin Hospital,2025-11-24,https://ror.org/041g86f21
Shanghai Pudong New Area Health Commission,2025-11-24,https://ror.org/041s47w50
Universitas PGRI Mahadewa Indonesia,2025-11-24,https://ror.org/0420bch11
"National University of Sciences, Technologies, Engineering and Mathematics",2025-11-24,https://ror.org/0421qr997
Breakthrough T1D UK,2025-11-24,https://ror.org/042hqe202
MEDI XXI Gabinet Solucions Ambientals (España),2025-11-24,https://ror.org/042m9e886
Institut Polytechnique de Paris,2025-11-24,https://ror.org/042tfbd02
Florida Department of Environmental Protection,2025-11-24,https://ror.org/042v2q176
McKendree University,2025-11-24,https://ror.org/042z7qa37
Science and Technology Department of Sichuan Province,2025-11-24,https://ror.org/04323m874
Croatian Personal Data Protection Agency,2025-11-24,https://ror.org/0433h3c62
Buxoro muhandislik-texnologiya instituti,2025-11-24,https://ror.org/0434dtp78
Eskilstuna Municipality,2025-11-24,https://ror.org/0434pxk87
Universidad Nacional Experimental de los Llanos Occidentales Ezequiel Zamora,2025-11-24,https://ror.org/04382kq29
Canterbury Museum,2025-11-24,https://ror.org/04397y226
Gateway ICT Polytechnic Saapade,2025-11-24,https://ror.org/043nvs927
Crawford University,2025-11-24,https://ror.org/043tp3821
PSG College of Arts & Science,2025-11-24,https://ror.org/043tv4788
Shijiazhuang Yiling Pharmaceutical (China),2025-11-24,https://ror.org/043v0a663
University of Liberia,2025-11-24,https://ror.org/0440cy367
Schwarzwald-Baar Klinikum,2025-11-24,https://ror.org/0446n1b44
International Epidemiology Institute,2025-11-24,https://ror.org/0448gbh81
Prairie View A&M University,2025-11-24,https://ror.org/0449kf092
Hangzhou Municipal Health Commission,2025-11-24,https://ror.org/044bb5p62
Centre Hospitalier Guillaume Régnier,2025-11-24,https://ror.org/044d2hn91
Ministry of Water Resources and Irrigation,2025-11-24,https://ror.org/044geq124
Institut Sains dan Teknologi Al-Kamal,2025-11-24,https://ror.org/044nhav08
University of Gastronomic Sciences,2025-11-24,https://ror.org/044npx850
Research!America (United States),2025-11-24,https://ror.org/044pgyv50
Institute of public health of Republic of Macedonia,2025-11-24,https://ror.org/044qfk433
Institut de Recherche sur les Céramiques,2025-11-24,https://ror.org/044qpwz88
Universitas Kapuas Sintang,2025-11-24,https://ror.org/044tv3769
Saudi Arabian Cultural Bureau,2025-11-24,https://ror.org/044weyr28
Centre international de recherche-développement sur l'elevage en zone subhumide,2025-11-24,https://ror.org/044wjb306
National Park Service,2025-11-24,https://ror.org/044zqqy65
Royal College of Physicians of Edinburgh,2025-11-24,https://ror.org/0451qtk15
Institute for Migration and Ethnic Studies,2025-11-24,https://ror.org/0457prt90
Stiftelsen Norsk Luftambulanse,2025-11-24,https://ror.org/045ady436
Hospital do Rim e Hipertensão,2025-11-24,https://ror.org/045e9rc94
Iraqi Board for Medical Specializations,2025-11-24,https://ror.org/045pp4b52
Mohtarma Benazir Bhutto Shaheed Medical College,2025-11-24,https://ror.org/045t9n387
Al-Ameen College of Pharmacy,2025-11-24,https://ror.org/04601vy80
University of Concepción,2025-11-24,https://ror.org/0460jpj73
Centro Peruano de Estudios Sociales,2025-11-24,https://ror.org/04625e684
Manmohan Memorial Institute of Health Sciences,2025-11-24,https://ror.org/04636qj46
Unidad de Cirugía Cardiovascular de Guatemala,2025-11-24,https://ror.org/0468zt688
Centro Universitário de União da Vitória,2025-11-24,https://ror.org/046aa8x19
Wikimedia Nederland,2025-11-24,https://ror.org/046crbt05
Kayser (Italy),2025-11-24,https://ror.org/046dtqb83
SA Technologies (United States),2025-11-24,https://ror.org/046qmva50
Białowieża National Park,2025-11-24,https://ror.org/046xvb515
Mahatma Gandhi University,2025-11-24,https://ror.org/04702m080
International University of Kyrgyzstan,2025-11-24,https://ror.org/04730q569
University of Illinois Urbana-Champaign,2025-11-24,https://ror.org/047426m28
Fulbright Ireland,2025-11-24,https://ror.org/047885v26
CReATe Fertility Centre,2025-11-24,https://ror.org/047acnh17
CBB (Chile),2025-11-24,https://ror.org/047eqb917
Royal Australasian College of Physicians,2025-11-24,https://ror.org/047hk9367
Hesperia Hospital,2025-11-24,https://ror.org/047hsck20
Office of Population Affairs,2025-11-24,https://ror.org/047nxs434
Fairmont State University,2025-11-24,https://ror.org/047wwd089
Peruvian University of Applied Sciences,2025-11-24,https://ror.org/047xrr705
Economic Research Forum,2025-11-24,https://ror.org/047y5ne09
Evangelisches Krankenhaus Oldenburg,2025-11-24,https://ror.org/04830hf15
Academy of Sciences and Arts of Bosnia and Herzegovina,2025-11-24,https://ror.org/048b7d518
American Health Information Management Association,2025-11-24,https://ror.org/048jkwt53
Historic Deerfield,2025-11-24,https://ror.org/048yqnw40
Foundation for Polish Science,2025-11-24,https://ror.org/048zd9m77
Ontotext (Bulgaria),2025-11-24,https://ror.org/048zn2n32
Brain Research Foundation,2025-11-24,https://ror.org/0492gsr48
Easterseals of Greater Waterbury,2025-11-24,https://ror.org/04944pj78
Koninklijk Nederlands Genootschap voor Fysiotherapie,2025-11-24,https://ror.org/04946nn35
Nature Conservation Agency,2025-11-24,https://ror.org/0495w3f17
Institute of Natural Resources,2025-11-24,https://ror.org/049faq822
Agenzia Regionale Emergenza Urgenza,2025-11-24,https://ror.org/049fn9772
Dongfeng Motor (China),2025-11-24,https://ror.org/049j15k39
Sous-direction des systèmes d'information et des études statistiques,2025-11-24,https://ror.org/049mjq378
Sage Bionetworks,2025-11-24,https://ror.org/049ncjx51
Institut für angewandte Photonik,2025-11-24,https://ror.org/049rk3218
Koo Foundation Sun Yat-Sen Cancer Center,2025-11-24,https://ror.org/049zx1n75
Centre de Géomatique du Québec,2025-11-24,https://ror.org/04a20na41
Chung-Hua Institution for Economic Research,2025-11-24,https://ror.org/04a3zwe15
Institut für Automation und Kommunikation,2025-11-24,https://ror.org/04a46sy91
Bethany College - West Virginia,2025-11-24,https://ror.org/04a6tv155
Canadian Frailty Network,2025-11-24,https://ror.org/04a80wt33
Drug Safety Research Unit,2025-11-24,https://ror.org/04a8rag37
International Association of Geodesy,2025-11-24,https://ror.org/04a9s7v87
Andrews University,2025-11-24,https://ror.org/04aaa2n62
Institut National des Sciences et Technologies de la Mer,2025-11-24,https://ror.org/04abnen92
Department of Finance of Jiangsu Province,2025-11-24,https://ror.org/04ac0qk71
National Center for Sports Medicine of the Federal Medical and Biological Agency of Russia,2025-11-24,https://ror.org/04anxv382
Regional Municipality of Waterloo,2025-11-24,https://ror.org/04apt4x36
Centro Agricoltura Ambiente (Italy),2025-11-24,https://ror.org/04arzfe69
Texas Back Institute,2025-11-24,https://ror.org/04aw6vq52
Institut d'Estudis Catalans,2025-11-24,https://ror.org/04b27tr16
Universidad de las Naciones,2025-11-24,https://ror.org/04b4w6n09
Sadjad University of Technology,2025-11-24,https://ror.org/04b9hej41
Massachusetts Gaming Commission,2025-11-24,https://ror.org/04baade76
East Asia Institute,2025-11-24,https://ror.org/04bfwec56
HUN-REN Centre for Ecological Research,2025-11-24,https://ror.org/04bhfmv97
Kliniken Schmieder,2025-11-24,https://ror.org/04bkje958
Pingtung Christian Hospital,2025-11-24,https://ror.org/04bnbsh26
Health and Environmental Sciences Institute,2025-11-24,https://ror.org/04bqs3e84
Geriatric Education and Research Institute,2025-11-24,https://ror.org/04bqwt245
Technological Educational Institute of Epirus,2025-11-24,https://ror.org/04brn7x66
The National Institute of Research – Development for Machines and Installations Designed for Agriculture and Food Industry,2025-11-24,https://ror.org/04btch759
Frédéric Joliot-Curie National Research Institute for Radiobiology and Radiohygiene,2025-11-24,https://ror.org/04bxc4617
United Nations Global Compact,2025-11-24,https://ror.org/04bxcqt73
LifeWatch ERIC,2025-11-24,https://ror.org/04c04g438
Leibniz Institute for Educational Trajectories,2025-11-24,https://ror.org/04c14rw28
DNV (Norway),2025-11-24,https://ror.org/04c235406
Mercer (Czechia),2025-11-24,https://ror.org/04c6pgy84
Workers Compensation Board of Manitoba,2025-11-24,https://ror.org/04cexk154
United States Department of Commerce,2025-11-24,https://ror.org/04chq2495
Group for the Analysis of Development,2025-11-24,https://ror.org/04cma1r71
Goethe University Frankfurt,2025-11-24,https://ror.org/04cvxnb49
Instituto Tecnológico de Ciudad Madero,2025-11-24,https://ror.org/04cymm537
De Hoogstraat Revalidatie,2025-11-24,https://ror.org/04d59va55
P.G.D.A.V. College (Evening),2025-11-24,https://ror.org/04d636x33
IILM Institute for Higher Education,2025-11-24,https://ror.org/04d68yh59
Genesis HealthCare,2025-11-24,https://ror.org/04d9k7p50
Centre Hospitalier Intercommunal de Villeneuve-Saint-Georges,2025-11-24,https://ror.org/04deknx22
Unitelma Sapienza University,2025-11-24,https://ror.org/04dfrdm61
Auburn Hospital,2025-11-24,https://ror.org/04dk1kp26
University of Amsterdam,2025-11-24,https://ror.org/04dkp9463
Greek Atomic Energy Commission,2025-11-24,https://ror.org/04dkt5d63
Arthritis Research Centre of Canada,2025-11-24,https://ror.org/04ds5nc25
Crown Family Philanthropies,2025-11-24,https://ror.org/04dtjxm91
Djurkliniken Roslagstull,2025-11-24,https://ror.org/04dz7pm02
Japan Weather Association (Japan),2025-11-24,https://ror.org/04e1a9m96
"Shri Vaishnav Vidyapeeth Vishwavidyalaya, Indore",2025-11-24,https://ror.org/04e9avw37
Institute for Laser Technology in Medicine and Measurement Technique,2025-11-24,https://ror.org/04edeq073
Theologische Fakultät Fulda,2025-11-24,https://ror.org/04eejsy70
Walt Disney (United States),2025-11-24,https://ror.org/04eg47h42
Fridtjof Nansen Institute,2025-11-24,https://ror.org/04ep2t954
Tea Research Association,2025-11-24,https://ror.org/04eq5c702
Instituto de Investigación en Ingeniería de Aragón,2025-11-24,https://ror.org/04eqgej32
Institute of Education Sciences,2025-11-24,https://ror.org/04et59085
University of Agribusiness and Rural Development,2025-11-24,https://ror.org/04ewbdy08
American Society of Plant Biologists,2025-11-24,https://ror.org/04f49a463
Rajasthan University of Health Sciences,2025-11-24,https://ror.org/04f5g2442
Louisiana Cancer Research Center,2025-11-24,https://ror.org/04f6dw135
The National Center for Special Education Research,2025-11-24,https://ror.org/04f6s9e70
Bharathiar University,2025-11-24,https://ror.org/04fht8c22
Autism CRC,2025-11-24,https://ror.org/04fkf6297
Netherlands Pharmacovigilance Centre Lareb,2025-11-24,https://ror.org/04fp8ns78
Kanchi Kamakoti CHILDS Trust Hospital,2025-11-24,https://ror.org/04g3z9997
"Shanghai Municipal Engineering Design Institute (Group) Co., Ltd (China)",2025-11-24,https://ror.org/04g46sd34
National Cooperative for the Disposal of Radioactive Waste (Switzerland),2025-11-24,https://ror.org/04gaaqn72
Centro Universitário de Itajubá,2025-11-24,https://ror.org/04gdrc249
Reinier van Arkel,2025-11-24,https://ror.org/04ggjpc96
Westmead Hospital,2025-11-24,https://ror.org/04gp5yv64
University of Delhi,2025-11-24,https://ror.org/04gzb2213
Gheskio Centers,2025-11-24,https://ror.org/04hbame29
Frontier Science & Technology Research Foundation,2025-11-24,https://ror.org/04hbhf775
Clinical and Translational Science Institute,2025-11-24,https://ror.org/04hs54263
Unfunded List,2025-11-24,https://ror.org/04hsw8w46
National Education and Research Network,2025-11-24,https://ror.org/04hztxs45
Walmart (United States),2025-11-24,https://ror.org/04j0gge90
Hannan University,2025-11-24,https://ror.org/04jb7yj10
Berman Center for Outcomes and Clinical Research,2025-11-24,https://ror.org/04jcfwb48
Socovesa (Chile),2025-11-24,https://ror.org/04jf50h38
National League for Nursing,2025-11-24,https://ror.org/04jh85880
Chestnut Health Systems,2025-11-24,https://ror.org/04jmr7c65
Centre d’études et de Recherches sur l’espace Germanophone,2025-11-24,https://ror.org/04jnmn720
TECHNOSEUM Landesmuseum für Technik und Arbeit in Mannheim,2025-11-24,https://ror.org/04jq4fp50
Research Institute of Brewing and Malting (Czechia),2025-11-24,https://ror.org/04jr76q91
"National Institute of Grape and Wine ""Magarach""",2025-11-24,https://ror.org/04jrjqp75
Dutch Research Council,2025-11-24,https://ror.org/04jsz6e67
108 Military Central Hospital,2025-11-24,https://ror.org/04k25m262
Battersea Arts Centre,2025-11-24,https://ror.org/04k3kqt10
Waterford Institute,2025-11-24,https://ror.org/04k9e4w52
The Geneva Foundation,2025-11-24,https://ror.org/04kdf7678
Lemann Center for Brazilian Studies,2025-11-24,https://ror.org/04krc7206
Luzhou Science and Technology Bureau,2025-11-24,https://ror.org/04kxx2q73
Centre de Recherche en Technologie des Semi-conducteurs pour l’Energétique,2025-11-24,https://ror.org/04kymnq52
Kerala University of Health Sciences,2025-11-24,https://ror.org/04md71v26
US Biologic (United States),2025-11-24,https://ror.org/04mdfaw94
Institut Bisnis dan Ekonomi Indonesia,2025-11-24,https://ror.org/04mjvc058
Amazon (United States),2025-11-24,https://ror.org/04mv4n011
Washington Tree Fruit Research Commission,2025-11-24,https://ror.org/04mz0gg46
Research Institute for Aquaculture No1,2025-11-24,https://ror.org/04n7s1j93
Sociedade Brasileira de Oncologia Clínica,2025-11-24,https://ror.org/04n8xnv74
Alcohol and Drug Foundation,2025-11-24,https://ror.org/04n9w1739
Guangdong Polytechnic of Environmental Protection Engineering,2025-11-24,https://ror.org/04nat8y64
Hainan Provincial Health Commission,2025-11-24,https://ror.org/04nm1xm49
M.V. Оstrohradskyi Poltava Academy of Continuous Education,2025-11-24,https://ror.org/04np9tf37
Coriell Institute For Medical Research,2025-11-24,https://ror.org/04npwsp41
Advanced Materials and Devices (United States),2025-11-24,https://ror.org/04ntc3565
SAGE University Indore,2025-11-24,https://ror.org/04nwq2r79
Surman College of Science and Technology,2025-11-24,https://ror.org/04p66x465
Buxoro tabiiy resurslarni boshqarish instituti,2025-11-24,https://ror.org/04p7gfb16
Center for Outcomes Research and Clinical Epidemiology,2025-11-24,https://ror.org/04p87a392
Siberian State Automobile and Highway University,2025-11-24,https://ror.org/04pmz9934
Elbe Kliniken Stade-Buxtehude,2025-11-24,https://ror.org/04psvb108
Carbon180,2025-11-24,https://ror.org/04q6az286
Vietnam Academy of Agricultural Sciences,2025-11-24,https://ror.org/04q8wkj31
IGES Institut,2025-11-24,https://ror.org/04qchsx62
IASO General Hospital,2025-11-24,https://ror.org/04qdvmd91
Seneca Polytechnic,2025-11-24,https://ror.org/04qgh9k98
Department of Science and Technology of Hunan Province,2025-11-24,https://ror.org/04qgr7x96
Govern de les Illes Balears,2025-11-24,https://ror.org/04qjbkj27
Rathinam College of Arts & Science,2025-11-24,https://ror.org/04qt95144
Estudios Clínicos Latinoamérica,2025-11-24,https://ror.org/04qypp211
University of Applied Sciences Kufstein,2025-11-24,https://ror.org/04r1x2k35
Universities Austria,2025-11-24,https://ror.org/04r45q768
Gottsegen National Cardiovascular Center,2025-11-24,https://ror.org/04r60ve96
National Library of Serbia,2025-11-24,https://ror.org/04r6eem28
"Ministerium für Landwirtschaft, Umwelt und Klimaschutz des Landes Brandenburg",2025-11-24,https://ror.org/04rhqkc66
GeoBioTec,2025-11-24,https://ror.org/04rx3tw33
